smile_A_ion,smile_B_ion,mol_fraction_A,mol_fraction_B,beta,kind_surfactant 1,kind_surfactant 2
CCCCCCCCCCCCOS(=O)(=O)[O-].[Na+],CCCCCCCCCCCCCCCC[N+](C)(C)C.[Br-],0.1,0.9,-19.02753924,ANIONIC,CATIONIC
CCCCCCCCCCCCOS(=O)(=O)[O-].[Na+],CCCCCCCCCCCCCCCC[N+](C)(C)C.[Br-],0.2,0.8,-18.2945808,ANIONIC,CATIONIC
CCCCCCCCCCCCOS(=O)(=O)[O-].[Na+],CCCCCCCCCCCCCCCC[N+](C)(C)C.[Br-],0.3,0.7,-18.8876592,ANIONIC,CATIONIC
CCCCCCCCCCCCOS(=O)(=O)[O-].[Na+],CCCCCCCCCCCCCCCC[N+](C)(C)C.[Br-],0.4,0.6,-20.47453464,ANIONIC,CATIONIC
CCCCCCCCCCCCOS(=O)(=O)[O-].[Na+],CCCCCCCCCCCCCCCC[N+](C)(C)C.[Br-],0.5,0.5,-20.72727258,ANIONIC,CATIONIC
CCCCCCCCCCCCOS(=O)(=O)[O-].[Na+],CCCCCCCCCCCCCCCC[N+](C)(C)C.[Br-],0.6,0.4,-19.05582798,ANIONIC,CATIONIC
CCCCCCCCCCCCOS(=O)(=O)[O-].[Na+],CCCCCCCCCCCCCCCC[N+](C)(C)C.[Br-],0.7,0.3,-18.94614955,ANIONIC,CATIONIC
CCCCCCCCCCCCOS(=O)(=O)[O-].[Na+],CCCCCCCCCCCCCCCC[N+](C)(C)C.[Br-],0.8,0.2,-19.18955954,ANIONIC,CATIONIC
CCCCCCCCCCCCOS(=O)(=O)[O-].[Na+],CCCCCCCCCCCCCCCC[N+](C)(C)C.[Br-],0.9,0.1,-19.97821643,ANIONIC,CATIONIC
CCCCCCCCCCCCOS(=O)(=O)[O-].[Na+],CCCCCCCCCCOS(=O)(=O)[O-].[Na+],0.8,0.2,-0.133911358,ANIONIC,ANIONIC
CCCCCCCCCCCCOS(=O)(=O)[O-].[Na+],CCCCCCCCCCOS(=O)(=O)[O-].[Na+],0.65,0.35,-0.277790331,ANIONIC,ANIONIC
CCCCCCCCCCCCOS(=O)(=O)[O-].[Na+],CCCCCCCCCCOS(=O)(=O)[O-].[Na+],0.5,0.5,-0.214139769,ANIONIC,ANIONIC
CCCCCCCCCCCCOS(=O)(=O)[O-].[Na+],CCCCCCCCCCOS(=O)(=O)[O-].[Na+],0.4,0.6,-0.162472624,ANIONIC,ANIONIC
CCCCCCCCCCCCOS(=O)(=O)[O-].[Na+],CCCCCCCCCCOS(=O)(=O)[O-].[Na+],0.29,0.71,0.021708708,ANIONIC,ANIONIC
CCCCCCCCCCCCOS(=O)(=O)[O-].[Na+],CCCCCCCCCCOS(=O)(=O)[O-].[Na+],0.15,0.85,0.270861352,ANIONIC,ANIONIC
CCCCCCCCCCCCOS(=O)(=O)[O-].[Na+],CCCCCCCCCCS(=O)C,0.2,0.8,-3.409061224,ANIONIC,NONIONIC
CCCCCCCCCCCCOS(=O)(=O)[O-].[Na+],CCCCCCCCCCS(=O)C,0.4,0.6,-2.389682404,ANIONIC,NONIONIC
CCCCCCCCCCCCOS(=O)(=O)[O-].[Na+],CCCCCCCCCCS(=O)C,0.7,0.3,-1.878122109,ANIONIC,NONIONIC
CCCCCCCCCCOS(=O)(=O)[O-].[Na+],CCCCCCCCCC[N+](C)(C)C.[Br-],0.03,0.97,-9.036315077,ANIONIC,CATIONIC
CCCCCCCCCCOS(=O)(=O)[O-].[Na+],CCCCCCCCCC[N+](C)(C)C.[Br-],0.08,0.92,-9.335722936,ANIONIC,CATIONIC
CCCCCCCCCCOS(=O)(=O)[O-].[Na+],CCCCCCCCCC[N+](C)(C)C.[Br-],0.16,0.84,-9.06434982,ANIONIC,CATIONIC
CCCCCCCCCCOS(=O)(=O)[O-].[Na+],CCCCCCCCCC[N+](C)(C)C.[Br-],0.28,0.72,-8.336017147,ANIONIC,CATIONIC
CCCCCCCCCCOS(=O)(=O)[O-].[Na+],CCCCCCCCCC[N+](C)(C)C.[Br-],0.48,0.52,-8.145911021,ANIONIC,CATIONIC
CCCCCCCCCCOS(=O)(=O)[O-].[Na+],CCCCCCCCCC[N+](C)(C)C.[Br-],0.7,0.3,-8.417062446,ANIONIC,CATIONIC
CCCCCCCCCCOS(=O)(=O)[O-].[Na+],CCCCCCCCCC[N+](C)(C)C.[Br-],0.8,0.2,-8.456283941,ANIONIC,CATIONIC
CCCCCCCCCCOS(=O)(=O)[O-].[Na+],CCCCCCCCCC[N+](C)(C)C.[Br-],0.9,0.1,-8.399149005,ANIONIC,CATIONIC
CCCCCCCCCCCCOS(=O)(=O)[O-].[Na+],CCCCCCCCC(=O)N(C)CC(C(C(C(CO)O)O)O)O,0.8,0.2,-3.416110308,ANIONIC,NONIONIC
CCCCCCCCCCCCOS(=O)(=O)[O-].[Na+],CCCCCCCCC(=O)N(C)CC(C(C(C(CO)O)O)O)O,0.6,0.4,-3.017117619,ANIONIC,NONIONIC
CCCCCCCCCCCCOS(=O)(=O)[O-].[Na+],CCCCCCCCC(=O)N(C)CC(C(C(C(CO)O)O)O)O,0.4,0.6,-3.615568343,ANIONIC,NONIONIC
CCCCCCCCCCCCOS(=O)(=O)[O-].[Na+],CCCCCCCCC(=O)N(C)CC(C(C(C(CO)O)O)O)O,0.2,0.8,-2.279267149,ANIONIC,NONIONIC
CCCCCCCCCCCCOS(=O)(=O)[O-].[Na+],CCCCCCCCCC(=O)N(C)CC(C(C(C(CO)O)O)O)O,0.8,0.2,-3.529248788,ANIONIC,NONIONIC
CCCCCCCCCCCCOS(=O)(=O)[O-].[Na+],CCCCCCCCCC(=O)N(C)CC(C(C(C(CO)O)O)O)O,0.6,0.4,-3.526156741,ANIONIC,NONIONIC
CCCCCCCCCCCCOS(=O)(=O)[O-].[Na+],CCCCCCCCCC(=O)N(C)CC(C(C(C(CO)O)O)O)O,0.4,0.6,-3.266019416,ANIONIC,NONIONIC
CCCCCCCCCCCCOS(=O)(=O)[O-].[Na+],CCCCCCCCCC(=O)N(C)CC(C(C(C(CO)O)O)O)O,0.2,0.8,-2.797945349,ANIONIC,NONIONIC
CCCCCCCCCCP(=O)(C)C,CCCCCCCCCCS(=O)C,0.89,0.11,-0.058364177,NONIONIC,NONIONIC
CCCCCCCCCCP(=O)(C)C,CCCCCCCCCCS(=O)C,0.64,0.36,0.033519288,NONIONIC,NONIONIC
CCCCCCCCCCP(=O)(C)C,CCCCCCCCCCS(=O)C,0.5,0.5,0.183209693,NONIONIC,NONIONIC
CCCCCCCCCCP(=O)(C)C,CCCCCCCCCCS(=O)C,0.39,0.61,0.138871078,NONIONIC,NONIONIC
CCCCCCCCCCP(=O)(C)C,CCCCCCCCCCS(=O)C,0.12,0.88,0.795579857,NONIONIC,NONIONIC
CCCCCC(=O)[O-].[K+],CCCCCCC(=O)[O-].[K+],0.95,0.05,-0.069890322,ANIONIC,ANIONIC
CCCCCC(=O)[O-].[K+],CCCCCCC(=O)[O-].[K+],0.9,0.1,-0.070975879,ANIONIC,ANIONIC
CCCCCC(=O)[O-].[K+],CCCCCCC(=O)[O-].[K+],0.85,0.15,-0.295728135,ANIONIC,ANIONIC
CCCCCC(=O)[O-].[K+],CCCCCCC(=O)[O-].[K+],0.7,0.3,-0.34556058,ANIONIC,ANIONIC
CCCCCC(=O)[O-].[K+],CCCCCCC(=O)[O-].[K+],0.6,0.4,-0.190091807,ANIONIC,ANIONIC
CCCCCC(=O)[O-].[K+],CCCCCCC(=O)[O-].[K+],0.5,0.5,-0.277428633,ANIONIC,ANIONIC
CCCCCC(=O)[O-].[K+],CCCCCCC(=O)[O-].[K+],0.23,0.77,-0.354354238,ANIONIC,ANIONIC
CCCCCC(=O)[O-].[K+],CCCCCCCC(=O)[O-].[K+],0.95,0.05,-0.722830396,ANIONIC,ANIONIC
CCCCCC(=O)[O-].[K+],CCCCCCCC(=O)[O-].[K+],0.88,0.12,-1.01,ANIONIC,ANIONIC
CCCCCC(=O)[O-].[K+],CCCCCCCC(=O)[O-].[K+],0.75,0.25,-0.724258268,ANIONIC,ANIONIC
CCCCCC(=O)[O-].[K+],CCCCCCCC(=O)[O-].[K+],0.55,0.45,-0.788861197,ANIONIC,ANIONIC
CCCCCC(=O)[O-].[K+],CCCCCCCC(=O)[O-].[K+],0.3,0.7,-0.370498097,ANIONIC,ANIONIC
CCCCCC(=O)[O-].[K+],CCCCCCCCCC(=O)[O-].[K+],0.983884121,0.016115879,-0.998943281,ANIONIC,ANIONIC
CCCCCC(=O)[O-].[K+],CCCCCCCCCC(=O)[O-].[K+],0.964186247,0.035813753,-2.159562408,ANIONIC,ANIONIC
CCCCCC(=O)[O-].[K+],CCCCCCCCCC(=O)[O-].[K+],0.912035708,0.087964292,-2.398427038,ANIONIC,ANIONIC
CCCCCC(=O)[O-].[K+],CCCCCCCCCC(=O)[O-].[K+],0.784799542,0.215200458,-2.376093011,ANIONIC,ANIONIC
CCCCCC(=O)[O-].[K+],CCCCCCCCCC(=O)[O-].[K+],0.646538678,0.353461322,-2.402411124,ANIONIC,ANIONIC
CCCCCC(=O)[O-].[K+],CCCCCCCCCC(=O)[O-].[K+],0.397432112,0.602567888,-1.737584216,ANIONIC,ANIONIC
CCCCCC(=O)[O-].[K+],CCCCCCCCCC(=O)[O-].[K+],0.202462183,0.797537817,-0.949755932,ANIONIC,ANIONIC
CCCCCC(=O)[O-].[K+],CCCCCCCCCC(=O)[O-].[K+],0.003216569,0.996783431,-2.630804727,ANIONIC,ANIONIC
CCCCCC(=O)[O-].[K+],CCCCCCCCCCC(=O)[O-].[K+],0.979288432,0.020711568,-3.122787718,ANIONIC,ANIONIC
CCCCCC(=O)[O-].[K+],CCCCCCCCCCC(=O)[O-].[K+],0.899755764,0.100244236,-4.066321458,ANIONIC,ANIONIC
CCCCCC(=O)[O-].[K+],CCCCCCCCCCC(=O)[O-].[K+],0.738768331,0.261231669,-3.222750317,ANIONIC,ANIONIC
CCCCCC(=O)[O-].[K+],CCCCCCCCCCC(=O)[O-].[K+],0.506772757,0.493227243,-2.261836973,ANIONIC,ANIONIC
CCCCCC(=O)[O-].[K+],CCCCCCCCCCC(=O)[O-].[K+],0.273404258,0.726595742,-0.967048835,ANIONIC,ANIONIC
CCCCCC(=O)[O-].[K+],CCCCCCCCCCC(=O)[O-].[K+],0.004465622,0.995534378,-3.227005343,ANIONIC,ANIONIC
CCCCCC(=O)[O-].[K+],CCCCCCCCCCCCCC(=O)[O-].[K+],0.9910254,0.0089746,-6.22305718,ANIONIC,ANIONIC
CCCCCC(=O)[O-].[K+],CCCCCCCCCCCCCC(=O)[O-].[K+],0.95040331,0.04959669,-9.396172554,ANIONIC,ANIONIC
CCCCCC(=O)[O-].[K+],CCCCCCCCCCCCCC(=O)[O-].[K+],0.689966492,0.310033508,-9.031238024,ANIONIC,ANIONIC
CCCCCC(=O)[O-].[K+],CCCCCCCCCCCCCC(=O)[O-].[K+],0.453827366,0.546172634,-7.869040004,ANIONIC,ANIONIC
CCCCCC(=O)[O-].[K+],CCCCCCCCCCCCCC(=O)[O-].[K+],0.234774458,0.765225542,-6.098302669,ANIONIC,ANIONIC
CCCCCC(=O)[O-].[K+],CCCCCCCCCCCCCC(=O)[O-].[K+],0.002919274,0.997080726,-4.081296504,ANIONIC,ANIONIC
CC(CCC(=O)[O-])C1CCC2C1(C(CC3C2CCC4C3(CCC(C4)O)C)O)C.[Na+],CC(C)(C)CC(C)(C)C1=CC=C(C=C1)OCCOCCOCCOCCOCCOCCOCCOCCO,0.17,0.83,-2.494879054,ANIONIC,NONIONIC
CC(CCC(=O)[O-])C1CCC2C1(C(CC3C2CCC4C3(CCC(C4)O)C)O)C.[Na+],CC(C)(C)CC(C)(C)C1=CC=C(C=C1)OCCOCCOCCOCCOCCOCCOCCOCCO,0.33,0.67,-2.357311633,ANIONIC,NONIONIC
CC(CCC(=O)[O-])C1CCC2C1(C(CC3C2CCC4C3(CCC(C4)O)C)O)C.[Na+],CC(C)(C)CC(C)(C)C1=CC=C(C=C1)OCCOCCOCCOCCOCCOCCOCCOCCO,0.5,0.5,-2.228471607,ANIONIC,NONIONIC
CC(CCC(=O)[O-])C1CCC2C1(C(CC3C2CCC4C3(CCC(C4)O)C)O)C.[Na+],CC(C)(C)CC(C)(C)C1=CC=C(C=C1)OCCOCCOCCOCCOCCOCCOCCOCCO,0.67,0.33,-1.753420379,ANIONIC,NONIONIC
CC(CCC(=O)[O-])C1CCC2C1(C(CC3C2CCC4C3(CCC(C4)O)C)O)C.[Na+],CC(C)(C)CC(C)(C)C1=CC=C(C=C1)OCCOCCOCCOCCOCCOCCOCCOCCO,0.83,0.17,-1.467533462,ANIONIC,NONIONIC
CC(CCC(=O)[O-])C1CCC2C1(C(CC3C2CCC4C3(CCC(C4)O)C)O)C.[Na+],CCCCCCCCC=CCCCCCCCC(=O)[O-].[Na+],0.5,0.5,-1.240864775,ANIONIC,ANIONIC
CC(CCC(=O)[O-])C1CCC2C1(C(CC3C2CCC4C3(CCC(C4)O)C)O)C.[Na+],CCCCCCCCC=CCCCCCCCC(=O)[O-].[Na+],0.58,0.42,-4.648687231,ANIONIC,ANIONIC
CC(CCC(=O)[O-])C1CCC2C1(C(CC3C2CCC4C3(CCC(C4)O)C)O)C.[Na+],CCCCCCCCC=CCCCCCCCC(=O)[O-].[Na+],0.67,0.33,-3.921270768,ANIONIC,ANIONIC
CC(CCC(=O)[O-])C1CCC2C1(C(CC3C2CCC4C3(CCC(C4)O)C)O)C.[Na+],CCCCCCCCC=CCCCCCCCC(=O)[O-].[Na+],0.83,0.17,-2.874671765,ANIONIC,ANIONIC
CC(CCC(=O)[O-])C1CCC2C1(C(CC3C2CCC4C3(CCC(C4)O)C)O)C.[Na+],CCCCCCCC\C=C/CCCCCCCCOCCOCCOCCOCCOCCOCCOCCOCCOCCOCCO,0.17,0.83,-5.915527262,ANIONIC,NONIONIC
CC(CCC(=O)[O-])C1CCC2C1(C(CC3C2CCC4C3(CCC(C4)O)C)O)C.[Na+],CCCCCCCC\C=C/CCCCCCCCOCCOCCOCCOCCOCCOCCOCCOCCOCCOCCO,0.33,0.67,-6.017824599,ANIONIC,NONIONIC
CC(CCC(=O)[O-])C1CCC2C1(C(CC3C2CCC4C3(CCC(C4)O)C)O)C.[Na+],CCCCCCCC\C=C/CCCCCCCCOCCOCCOCCOCCOCCOCCOCCOCCOCCOCCO,0.5,0.5,-6.09407659,ANIONIC,NONIONIC
CC(CCC(=O)[O-])C1CCC2C1(C(CC3C2CCC4C3(CCC(C4)O)C)O)C.[Na+],CCCCCCCC\C=C/CCCCCCCCOCCOCCOCCOCCOCCOCCOCCOCCOCCOCCO,0.58,0.42,-5.110173368,ANIONIC,NONIONIC
CC(CCC(=O)[O-])C1CCC2C1(C(CC3C2CCC4C3(CCC(C4)O)C)O)C.[Na+],CCCCCCCC\C=C/CCCCCCCCOCCOCCOCCOCCOCCOCCOCCOCCOCCOCCO,0.67,0.33,-2.832878209,ANIONIC,NONIONIC
CC(CCC(=O)[O-])C1CCC2C1(C(CC3C2CCC4C3(CCC(C4)O)C)O)C.[Na+],CCCCCCCC\C=C/CCCCCCCCOCCOCCOCCOCCOCCOCCOCCOCCOCCOCCO,0.83,0.17,0.095850034,ANIONIC,NONIONIC
CCCCCCCCOC1C(C(C(C(O1)CO)O)O)O,C(C(C(C(C(F)(F)S(=O)(=O)[O-])(F)F)(F)F)(F)F)(C(C(C(F)(F)F)(F)F)(F)F)(F)F,0.2,0.8,-0.700328056,NONIONIC,ANIONIC
CCCCCCCCOC1C(C(C(C(O1)CO)O)O)O,C(C(C(C(C(F)(F)S(=O)(=O)[O-])(F)F)(F)F)(F)F)(C(C(C(F)(F)F)(F)F)(F)F)(F)F,0.4,0.6,-0.986937999,NONIONIC,ANIONIC
CCCCCCCCOC1C(C(C(C(O1)CO)O)O)O,C(C(C(C(C(F)(F)S(=O)(=O)[O-])(F)F)(F)F)(F)F)(C(C(C(F)(F)F)(F)F)(F)F)(F)F,0.6,0.4,-1.742328097,NONIONIC,ANIONIC
CCCCCCCCOC1C(C(C(C(O1)CO)O)O)O,C(C(C(C(C(F)(F)S(=O)(=O)[O-])(F)F)(F)F)(F)F)(C(C(C(F)(F)F)(F)F)(F)F)(F)F,0.8,0.2,-1.984097165,NONIONIC,ANIONIC
C(CCO)[N+](CCO)(C)CC(O)CC(F)(F)C(F)(F)C(F)(F)C(F)(F)C(F)(F)C(F)(F)C(F)(F)C(F)(F)F.[Cl-],CCCCCCCCCCOCCOCCOCCOCCOCCOCCOCCOCCO,0.2,0.8,-1.027685984,CATIONIC,NONIONIC
C(CCO)[N+](CCO)(C)CC(O)CC(F)(F)C(F)(F)C(F)(F)C(F)(F)C(F)(F)C(F)(F)C(F)(F)C(F)(F)F.[Cl-],CCCCCCCCCCOCCOCCOCCOCCOCCOCCOCCOCCO,0.3,0.7,-1.005106635,CATIONIC,NONIONIC
C(CCO)[N+](CCO)(C)CC(O)CC(F)(F)C(F)(F)C(F)(F)C(F)(F)C(F)(F)C(F)(F)C(F)(F)C(F)(F)F.[Cl-],CCCCCCCCCCOCCOCCOCCOCCOCCOCCOCCOCCO,0.5,0.5,-0.224198669,CATIONIC,NONIONIC
C(CCO)[N+](CCO)(C)CC(O)CC(F)(F)C(F)(F)C(F)(F)C(F)(F)C(F)(F)C(F)(F)C(F)(F)C(F)(F)F.[Cl-],CCCCCCCCCCOCCOCCOCCOCCOCCOCCOCCOCCO,0.7,0.3,0.150638088,CATIONIC,NONIONIC
C(CCO)[N+](CCO)(C)CC(O)CC(F)(F)C(F)(F)C(F)(F)C(F)(F)C(F)(F)C(F)(F)C(F)(F)C(F)(F)F.[Cl-],CCCCCCCCCCOCCOCCOCCOCCOCCOCCOCCOCCO,0.8,0.2,0.308771434,CATIONIC,NONIONIC
C(CCO)[N+](CCO)(C)CC(O)CC(F)(F)C(F)(F)C(F)(F)C(F)(F)C(F)(F)C(F)(F)C(F)(F)C(F)(F)F.[Cl-],CCCCCCCCCCCC[N+](C)(C)C.[Cl-],0.1,0.9,0.31008052,CATIONIC,CATIONIC
C(CCO)[N+](CCO)(C)CC(O)CC(F)(F)C(F)(F)C(F)(F)C(F)(F)C(F)(F)C(F)(F)C(F)(F)C(F)(F)F.[Cl-],CCCCCCCCCCCC[N+](C)(C)C.[Cl-],0.2,0.8,-0.09172907,CATIONIC,CATIONIC
C(CCO)[N+](CCO)(C)CC(O)CC(F)(F)C(F)(F)C(F)(F)C(F)(F)C(F)(F)C(F)(F)C(F)(F)C(F)(F)F.[Cl-],CCCCCCCCCCCC[N+](C)(C)C.[Cl-],0.3,0.7,-0.185280602,CATIONIC,CATIONIC
C(CCO)[N+](CCO)(C)CC(O)CC(F)(F)C(F)(F)C(F)(F)C(F)(F)C(F)(F)C(F)(F)C(F)(F)C(F)(F)F.[Cl-],CCCCCCCCCCCC[N+](C)(C)C.[Cl-],0.7,0.3,2.454986975,CATIONIC,CATIONIC
C(CCO)[N+](CCO)(C)CC(O)CC(F)(F)C(F)(F)C(F)(F)C(F)(F)C(F)(F)C(F)(F)C(F)(F)C(F)(F)F.[Cl-],CCCCCCCCCCCCOS(=O)(=O)[O-].[Li+],0.05,0.95,-11.45073799,CATIONIC,ANIONIC
C(CCO)[N+](CCO)(C)CC(O)CC(F)(F)C(F)(F)C(F)(F)C(F)(F)C(F)(F)C(F)(F)C(F)(F)C(F)(F)F.[Cl-],CCCCCCCCCCCCOS(=O)(=O)[O-].[Li+],0.1,0.9,-13.00313498,CATIONIC,ANIONIC
C(CCO)[N+](CCO)(C)CC(O)CC(F)(F)C(F)(F)C(F)(F)C(F)(F)C(F)(F)C(F)(F)C(F)(F)C(F)(F)F.[Cl-],CCCCCCCCCCCCOS(=O)(=O)[O-].[Li+],0.15,0.85,-13.73877485,CATIONIC,ANIONIC
C(CCO)[N+](CCO)(C)CC(O)CC(F)(F)C(F)(F)C(F)(F)C(F)(F)C(F)(F)C(F)(F)C(F)(F)C(F)(F)F.[Cl-],CCCCCCCCCCCCOS(=O)(=O)[O-].[Li+],0.9,0.1,-10.93232289,CATIONIC,ANIONIC
C(CCO)[N+](CCO)(C)CC(O)CC(F)(F)C(F)(F)C(F)(F)C(F)(F)C(F)(F)C(F)(F)C(F)(F)C(F)(F)F.[Cl-],CCCCCCCCCCCCOS(=O)(=O)[O-].[Li+],0.95,0.05,-10.46155979,CATIONIC,ANIONIC
C(CCO)[N+](CCO)(C)CC(O)CC(F)(F)C(F)(F)C(F)(F)C(F)(F)C(F)(F)C(F)(F)C(F)(F)C(F)(F)F.[Cl-],CCCCCCCCCCCCOS(=O)(=O)[O-].[Li+],0.97,0.03,-10.49874837,CATIONIC,ANIONIC
C(CCO)[N+](CCO)(C)CC(O)CC(F)(F)C(F)(F)C(F)(F)C(F)(F)C(F)(F)C(F)(F)C(F)(F)C(F)(F)F.[Cl-],CCCCCCCCCCCCOCCOCCOCCOS(=O)(=O)[O-].[Na+],0.05,0.95,-17.50896874,CATIONIC,ANIONIC
C(CCO)[N+](CCO)(C)CC(O)CC(F)(F)C(F)(F)C(F)(F)C(F)(F)C(F)(F)C(F)(F)C(F)(F)C(F)(F)F.[Cl-],CCCCCCCCCCCCOCCOCCOCCOS(=O)(=O)[O-].[Na+],0.15,0.85,-17.48204686,CATIONIC,ANIONIC
C(CCO)[N+](CCO)(C)CC(O)CC(F)(F)C(F)(F)C(F)(F)C(F)(F)C(F)(F)C(F)(F)C(F)(F)C(F)(F)F.[Cl-],CCCCCCCCCCCCOCCOCCOCCOS(=O)(=O)[O-].[Na+],0.4,0.6,-16.92545186,CATIONIC,ANIONIC
C(CCO)[N+](CCO)(C)CC(O)CC(F)(F)C(F)(F)C(F)(F)C(F)(F)C(F)(F)C(F)(F)C(F)(F)C(F)(F)F.[Cl-],CCCCCCCCCCCCOCCOCCOCCOS(=O)(=O)[O-].[Na+],0.6,0.4,-16.76366952,CATIONIC,ANIONIC
C(CCO)[N+](CCO)(C)CC(O)CC(F)(F)C(F)(F)C(F)(F)C(F)(F)C(F)(F)C(F)(F)C(F)(F)C(F)(F)F.[Cl-],CCCCCCCCCCCCOCCOCCOCCOS(=O)(=O)[O-].[Na+],0.8,0.2,-16.5163661,CATIONIC,ANIONIC
C(CCO)[N+](CCO)(C)CC(O)CC(F)(F)C(F)(F)C(F)(F)C(F)(F)C(F)(F)C(F)(F)C(F)(F)C(F)(F)F.[Cl-],CCCCCCCCCCCCOCCOCCOCCOS(=O)(=O)[O-].[Na+],0.95,0.05,-16.88294677,CATIONIC,ANIONIC
C(CCO)[N+](CCO)(C)CC(O)CC(F)(F)C(F)(F)C(F)(F)C(F)(F)C(F)(F)C(F)(F)C(F)(F)C(F)(F)F.[Cl-],CCCCCCCCCCCCOCCOCCOCCOCCOCCOS(=O)(=O)[O-].[Na+],0.1,0.9,-8.379197316,CATIONIC,ANIONIC
C(CCO)[N+](CCO)(C)CC(O)CC(F)(F)C(F)(F)C(F)(F)C(F)(F)C(F)(F)C(F)(F)C(F)(F)C(F)(F)F.[Cl-],CCCCCCCCCCCCOCCOCCOCCOCCOCCOS(=O)(=O)[O-].[Na+],0.2,0.8,-9.23313612,CATIONIC,ANIONIC
C(CCO)[N+](CCO)(C)CC(O)CC(F)(F)C(F)(F)C(F)(F)C(F)(F)C(F)(F)C(F)(F)C(F)(F)C(F)(F)F.[Cl-],CCCCCCCCCCCCOCCOCCOCCOCCOCCOS(=O)(=O)[O-].[Na+],0.6,0.4,-9.856616348,CATIONIC,ANIONIC
C(CCO)[N+](CCO)(C)CC(O)CC(F)(F)C(F)(F)C(F)(F)C(F)(F)C(F)(F)C(F)(F)C(F)(F)C(F)(F)F.[Cl-],CCCCCCCCCCCCOCCOCCOCCOCCOCCOS(=O)(=O)[O-].[Na+],0.8,0.2,-10.24971745,CATIONIC,ANIONIC
C(CCO)[N+](CCO)(C)CC(O)CC(F)(F)C(F)(F)C(F)(F)C(F)(F)C(F)(F)C(F)(F)C(F)(F)C(F)(F)F.[Cl-],CCCCCCCCCCCCOCCOCCOCCOCCOCCOS(=O)(=O)[O-].[Na+],0.9,0.1,-11.04173164,CATIONIC,ANIONIC
C(CCO)[N+](CCO)(C)CC(O)CC(F)(F)C(F)(F)C(F)(F)C(F)(F)C(F)(F)C(F)(F)C(F)(F)C(F)(F)F.[Cl-],CCCCCCCCCCCCOCCOCCOCCOCCOCCOCCOCCOCCOS(=O)(=O)[O-].[Na+],0.1,0.9,-5.075727168,CATIONIC,ANIONIC
C(CCO)[N+](CCO)(C)CC(O)CC(F)(F)C(F)(F)C(F)(F)C(F)(F)C(F)(F)C(F)(F)C(F)(F)C(F)(F)F.[Cl-],CCCCCCCCCCCCOCCOCCOCCOCCOCCOCCOCCOCCOS(=O)(=O)[O-].[Na+],0.3,0.7,-5.841424317,CATIONIC,ANIONIC
C(CCO)[N+](CCO)(C)CC(O)CC(F)(F)C(F)(F)C(F)(F)C(F)(F)C(F)(F)C(F)(F)C(F)(F)C(F)(F)F.[Cl-],CCCCCCCCCCCCOCCOCCOCCOCCOCCOCCOCCOCCOS(=O)(=O)[O-].[Na+],0.6,0.4,-6.471614828,CATIONIC,ANIONIC
C(CCO)[N+](CCO)(C)CC(O)CC(F)(F)C(F)(F)C(F)(F)C(F)(F)C(F)(F)C(F)(F)C(F)(F)C(F)(F)F.[Cl-],CCCCCCCCCCCCOCCOCCOCCOCCOCCOCCOCCOCCOS(=O)(=O)[O-].[Na+],0.8,0.2,-7.439423866,CATIONIC,ANIONIC
C(CCO)[N+](CCO)(C)CC(O)CC(F)(F)C(F)(F)C(F)(F)C(F)(F)C(F)(F)C(F)(F)C(F)(F)C(F)(F)F.[Cl-],CCCCCCCCCCCCOCCOCCOCCOCCOCCOCCOCCOCCOS(=O)(=O)[O-].[Na+],0.9,0.1,-7.539783758,CATIONIC,ANIONIC
CCCCCCCCCCCCOS(=O)(=O)[O-].[Na+],CC=C(C)C(=O)OC1C(C2(C(CC1(C)C)C3=CCC4C5(CCC(C(C5CCC4(C3(CC2O)C)C)(C)CO)OC6C(C(C(C(O6)C(=O)O)OC7C(C(C(C(O7)CO)O)O)O)O)OC8C(C(C(C(O8)CO)O)O)O)C)CO)OC(=O)C,0.2,0.8,-11.03235103,ANIONIC,NONIONIC
CCCCCCCCCCCCOS(=O)(=O)[O-].[Na+],CC=C(C)C(=O)OC1C(C2(C(CC1(C)C)C3=CCC4C5(CCC(C(C5CCC4(C3(CC2O)C)C)(C)CO)OC6C(C(C(C(O6)C(=O)O)OC7C(C(C(C(O7)CO)O)O)O)O)OC8C(C(C(C(O8)CO)O)O)O)C)CO)OC(=O)C,0.4,0.6,-8.614908024,ANIONIC,NONIONIC
CCCCCCCCCCCCOS(=O)(=O)[O-].[Na+],CC=C(C)C(=O)OC1C(C2(C(CC1(C)C)C3=CCC4C5(CCC(C(C5CCC4(C3(CC2O)C)C)(C)CO)OC6C(C(C(C(O6)C(=O)O)OC7C(C(C(C(O7)CO)O)O)O)O)OC8C(C(C(C(O8)CO)O)O)O)C)CO)OC(=O)C,0.6,0.4,-11.77259321,ANIONIC,NONIONIC
CCCCCCCCCCCCOS(=O)(=O)[O-].[Na+],CC=C(C)C(=O)OC1C(C2(C(CC1(C)C)C3=CCC4C5(CCC(C(C5CCC4(C3(CC2O)C)C)(C)CO)OC6C(C(C(C(O6)C(=O)O)OC7C(C(C(C(O7)CO)O)O)O)O)OC8C(C(C(C(O8)CO)O)O)O)C)CO)OC(=O)C,0.8,0.2,-12.58494509,ANIONIC,NONIONIC
C(=O)(C(C(C(C(C(C(C(F)(F)F)(F)F)(F)F)(F)F)(F)F)(F)F)(F)F)O.[Na+],CCCCCCCCCCCC[N+](C)(C)C.[Br-],0.5,0.5,-20.7293266,NONIONIC,CATIONIC
C(=O)(C(C(C(C(C(C(C(F)(F)F)(F)F)(F)F)(F)F)(F)F)(F)F)(F)F)O.[Na+],CCCCCCCCCCCCCCCC[N+](C)(C)C.[Br-],0.909090909,0.090909091,-13.04301282,NONIONIC,CATIONIC
C(=O)(C(C(C(C(C(C(C(F)(F)F)(F)F)(F)F)(F)F)(F)F)(F)F)(F)F)O.[Na+],CCCCCCCCCCCCCCCC[N+](C)(C)C.[Br-],0.090909091,0.909090909,-6.464011337,NONIONIC,CATIONIC
CCCCCCCCCCCCOS(=O)(=O)[O-].[Na+],CCCCCCCCCCCCCCCCOS(=O)(=O)[O-].[Na+],0.8,0.2,0.004624009,ANIONIC,ANIONIC
CCCCCCCCCCCCOS(=O)(=O)[O-].[Na+],CCCCCCCCCCCCCCCCOS(=O)(=O)[O-].[Na+],0.6,0.4,-0.171941258,ANIONIC,ANIONIC
CCCCCCCCCCCCOS(=O)(=O)[O-].[Na+],CCCCCCCCCCCCCCCCOS(=O)(=O)[O-].[Na+],0.4,0.6,-0.927148941,ANIONIC,ANIONIC
CCCCC(CC)COC(=O)CC(C(=O)OCC(CC)CCCC)S(=O)(=O)[O-].[Na+],OCCOCCOCCOCCOCCOCCOCCOCCOCCOCCOCCOCCOCCOCCOCCOCCOCCOC[C@@H](OC(CCCCCCC/C=C\CCCCCCCC)=O)[C@@H]1[C@H](OC(CCCCCCC/C=C\CCCCCCCC)=O)[C@@H](OC(CCCCCCC/C=C\CCCCCCCC)=O)CO1,0.8,0.2,-12.77088544,ANIONIC,NONIONIC
CCCCC(CC)COC(=O)CC(C(=O)OCC(CC)CCCC)S(=O)(=O)[O-].[Na+],OCCOCCOCCOCCOCCOCCOCCOCCOCCOCCOCCOCCOCCOCCOCCOCCOCCOC[C@@H](OC(CCCCCCC/C=C\CCCCCCCC)=O)[C@@H]1[C@H](OC(CCCCCCC/C=C\CCCCCCCC)=O)[C@@H](OC(CCCCCCC/C=C\CCCCCCCC)=O)CO1,0.6,0.4,-12.7218929,ANIONIC,NONIONIC
CCCCC(CC)COC(=O)CC(C(=O)OCC(CC)CCCC)S(=O)(=O)[O-].[Na+],OCCOCCOCCOCCOCCOCCOCCOCCOCCOCCOCCOCCOCCOCCOCCOCCOCCOC[C@@H](OC(CCCCCCC/C=C\CCCCCCCC)=O)[C@@H]1[C@H](OC(CCCCCCC/C=C\CCCCCCCC)=O)[C@@H](OC(CCCCCCC/C=C\CCCCCCCC)=O)CO1,0.4,0.6,-11.65872579,ANIONIC,NONIONIC
CCCCC(CC)COC(=O)CC(C(=O)OCC(CC)CCCC)S(=O)(=O)[O-].[Na+],OCCOCCOCCOCCOCCOCCOCCOCCOCCOCCOCCOCCOCCOCCOCCOCCOCCOC[C@@H](OC(CCCCCCC/C=C\CCCCCCCC)=O)[C@@H]1[C@H](OC(CCCCCCC/C=C\CCCCCCCC)=O)[C@@H](OC(CCCCCCC/C=C\CCCCCCCC)=O)CO1,0.2,0.8,-12.1953663,ANIONIC,NONIONIC
C1=CC=C(C=C1)S(=O)(=O)[O-].[Na+],CCCCCCCCCCCCCCCC[N+](C)(C)C.[Br-],0.2,0.8,-6.040828566,ANIONIC,CATIONIC
C1=CC=C(C=C1)S(=O)(=O)[O-].[Na+],CCCCCCCCCCCCCCCC[N+](C)(C)C.[Br-],0.4,0.6,-8.787656993,ANIONIC,CATIONIC
C1=CC=C(C=C1)S(=O)(=O)[O-].[Na+],CCCCCCCCCCCCCCCC[N+](C)(C)C.[Br-],0.6,0.4,-9.921060564,ANIONIC,CATIONIC
C1=CC=C(C=C1)S(=O)(=O)[O-].[Na+],CCCCCCCCCCCCCCCC[N+](C)(C)C.[Br-],0.8,0.2,-11.89025016,ANIONIC,CATIONIC
CCCCCCCCCCCCOS(=O)(=O)[O-].[Na+],C1=CC=C(C=C1)S(=O)(=O)[O-].[Na+],0.8,0.2,-2.046441461,ANIONIC,ANIONIC
CCCCCCCCCCCCOS(=O)(=O)[O-].[Na+],C1=CC=C(C=C1)S(=O)(=O)[O-].[Na+],0.666666667,0.333333333,-2.219149962,ANIONIC,ANIONIC
CCCCCCCCCCCCOS(=O)(=O)[O-].[Na+],C1=CC=C(C=C1)S(=O)(=O)[O-].[Na+],0.333333333,0.666666667,-2.632703539,ANIONIC,ANIONIC
CCCCCCCCCCCCOS(=O)(=O)[O-].[Na+],C1=CC=C(C=C1)S(=O)(=O)[O-].[Na+],0.2,0.8,-2.898029817,ANIONIC,ANIONIC
CCCCCCCCC(C)CCCOCCOCCOCCOCCOCCOP(=O)(O)[O-].[K+],CCCCCCCCCCCC[N+](C)(C)CC1=CC=CC=C1.[Cl-],0.8,0.2,-5.645603034,ANIONIC,CATIONIC
CCCCCCCCC(C)CCCOCCOCCOCCOCCOCCOP(=O)(O)[O-].[K+],CCCCCCCCCCCC[N+](C)(C)CC1=CC=CC=C1.[Cl-],0.6,0.4,-4.474959286,ANIONIC,CATIONIC
CCCCCCCCC(C)CCCOCCOCCOCCOCCOCCOP(=O)(O)[O-].[K+],CCCCCCCCCCCC[N+](C)(C)CC1=CC=CC=C1.[Cl-],0.4,0.6,-3.495220763,ANIONIC,CATIONIC
CCCCCCCCC(C)CCCOCCOCCOCCOCCOCCOP(=O)(O)[O-].[K+],CCCCCCCCCCCC[N+](C)(C)CC1=CC=CC=C1.[Cl-],0.2,0.8,-5.507958063,ANIONIC,CATIONIC
CCCCCCCCCCCCOCCOCCOCCOCCOCCOP(=O)(O)[O-].[K+],CCCCCCCCCCCC[N+](C)(C)CC1=CC=CC=C1.[Cl-],0.8,0.2,-6.547270007,ANIONIC,CATIONIC
CCCCCCCCCCCCOCCOCCOCCOCCOCCOP(=O)(O)[O-].[K+],CCCCCCCCCCCC[N+](C)(C)CC1=CC=CC=C1.[Cl-],0.6,0.4,-4.718709049,ANIONIC,CATIONIC
CCCCCCCCCCCCOCCOCCOCCOCCOCCOP(=O)(O)[O-].[K+],CCCCCCCCCCCC[N+](C)(C)CC1=CC=CC=C1.[Cl-],0.5,0.5,-2.361808466,ANIONIC,CATIONIC
CCCCCCCCCCCCOCCOCCOCCOCCOCCOP(=O)(O)[O-].[K+],CCCCCCCCCCCC[N+](C)(C)CC1=CC=CC=C1.[Cl-],0.4,0.6,-4.857340373,ANIONIC,CATIONIC
CCCCCCCCCCCCOCCOCCOCCOCCOCCOP(=O)(O)[O-].[K+],CCCCCCCCCCCC[N+](C)(C)CC1=CC=CC=C1.[Cl-],0.2,0.8,-5.169140866,ANIONIC,CATIONIC
CCCCCCCCC(C)CCCOCCOCCOCCOCCOCCOP(=O)(O)[O-].[K+],CCCCCCCCCCCC[N+](C)(C)CCO.[Cl-],0.8,0.2,-3.243566786,ANIONIC,CATIONIC
CCCCCCCCC(C)CCCOCCOCCOCCOCCOCCOP(=O)(O)[O-].[K+],CCCCCCCCCCCC[N+](C)(C)CCO.[Cl-],0.6,0.4,-1.631778322,ANIONIC,CATIONIC
CCCCCCCCC(C)CCCOCCOCCOCCOCCOCCOP(=O)(O)[O-].[K+],CCCCCCCCCCCC[N+](C)(C)CCO.[Cl-],0.5,0.5,-1.99113282,ANIONIC,CATIONIC
CCCCCCCCC(C)CCCOCCOCCOCCOCCOCCOP(=O)(O)[O-].[K+],CCCCCCCCCCCC[N+](C)(C)CCO.[Cl-],0.4,0.6,-1.724041803,ANIONIC,CATIONIC
CCCCCCCCC(C)CCCOCCOCCOCCOCCOCCOP(=O)(O)[O-].[K+],CCCCCCCCCCCC[N+](C)(C)CCO.[Cl-],0.2,0.8,-1.640825174,ANIONIC,CATIONIC
CCCCCCCCCCCCOCCOCCOCCOCCOCCOP(=O)(O)[O-].[K+],CCCCCCCCCCCC[N+](C)(C)CCO.[Cl-],0.8,0.2,-2.109677182,ANIONIC,CATIONIC
CCCCCCCCCCCCOCCOCCOCCOCCOCCOP(=O)(O)[O-].[K+],CCCCCCCCCCCC[N+](C)(C)CCO.[Cl-],0.5,0.5,12.31896939,ANIONIC,CATIONIC
CCCCCCCCCCCCOCCOCCOCCOCCOCCOP(=O)(O)[O-].[K+],CCCCCCCCCCCC[N+](C)(C)CCO.[Cl-],0.4,0.6,13.03199079,ANIONIC,CATIONIC
CCCCCCCCCCCCOCCOCCOCCOCCOCCOP(=O)(O)[O-].[K+],CCCCCCCCCCCC[N+](C)(C)CCO.[Cl-],0.2,0.8,-0.485557517,ANIONIC,CATIONIC
CCCCCCCCCCCCOS(=O)(=O)[O-].[Na+],CCCCCCCCCCCC[N+](C)(C)CCCS(=O)(=O)[O-],0.25,0.75,-11.45839606,ANIONIC,ZWITTERIONIC
CCCCCCCCCCCCOS(=O)(=O)[O-].[Na+],CCCCCCCCCCCC[N+](C)(C)CCCS(=O)(=O)[O-],0.5,0.5,-10.62383333,ANIONIC,ZWITTERIONIC
CCCCCCCCCCCCOS(=O)(=O)[O-].[Na+],CCCCCCCCCCCC[N+](C)(C)CCCS(=O)(=O)[O-],0.75,0.25,-7.589157197,ANIONIC,ZWITTERIONIC
CCCCCCCCCCCCOS(=O)(=O)[O-].[Na+],CCCCCCCCCCCC[N+](C)(C)CC(=O)[O-],0.25,0.75,-11.9814078,ANIONIC,ZWITTERIONIC
CCCCCCCCCCCCOS(=O)(=O)[O-].[Na+],CCCCCCCCCCCC[N+](C)(C)CC(=O)[O-],0.5,0.5,-10.09270677,ANIONIC,ZWITTERIONIC
CCCCCCCCCCCCOS(=O)(=O)[O-].[Na+],CCCCCCCCCCCC[N+](C)(C)CC(=O)[O-],0.75,0.25,-6.921655368,ANIONIC,ZWITTERIONIC
CCCCCCCCCCCC[N+](C)(C)CCCS(=O)(=O)[O-],CCCCCCCCCCCC[N+](C)(C)C.[Br-],0.75,0.25,-3.043277753,ZWITTERIONIC,CATIONIC
CCCCCCCCCCCC[N+](C)(C)CCCS(=O)(=O)[O-],CCCCCCCCCCCC[N+](C)(C)C.[Br-],0.5,0.5,-2.345658306,ZWITTERIONIC,CATIONIC
CCCCCCCCCCCC[N+](C)(C)CCCS(=O)(=O)[O-],CCCCCCCCCCCC[N+](C)(C)C.[Br-],0.25,0.75,-2.985589423,ZWITTERIONIC,CATIONIC
CCCCCCCCCCCC[N+](C)(C)CC(=O)[O-],CCCCCCCCCCCC[N+](C)(C)C.[Br-],0.75,0.25,-2.06979493,ZWITTERIONIC,CATIONIC
CCCCCCCCCCCC[N+](C)(C)CC(=O)[O-],CCCCCCCCCCCC[N+](C)(C)C.[Br-],0.5,0.5,-1.308832306,ZWITTERIONIC,CATIONIC
CCCCCCCCCCCCOS(=O)(=O)[O-].[Na+],CCCCCCCCCCCCC(=O)NCCC[N+](C)(C)CC(=O)[O-],0.25,0.75,-12.24067779,ANIONIC,ZWITTERIONIC
CCCCCCCCCCCCOS(=O)(=O)[O-].[Na+],CCCCCCCCCCCCC(=O)NCCC[N+](C)(C)CC(=O)[O-],0.5,0.5,-10.83372046,ANIONIC,ZWITTERIONIC
CCCCCCCCCCCCOS(=O)(=O)[O-].[Na+],CCCCCCCCCCCCC(=O)NCCC[N+](C)(C)CC(=O)[O-],0.75,0.25,-9.407650424,ANIONIC,ZWITTERIONIC
CCCCCCCCCCCCOS(=O)(=O)[O-].[Na+],CCCCCCCCCCCCC(=O)NCCC[N+](C)(C)CC(=O)[O-],0.85,0.15,-8.516752248,ANIONIC,ZWITTERIONIC
CCCCCCCCCCCCOS(=O)(=O)[O-].[Na+],CCCCCCCCCCCCC(=O)NCCC[N+](C)(C)CC(=O)[O-],0.95,0.05,-6.686151213,ANIONIC,ZWITTERIONIC
CCCCCCCCCC[N+](C)(C)CCCS(=O)(=O)[O-],CCCCCCCCCCCCCCCC[N+](C)(C)CC1=CC=CC=C1.[Cl-],0.75,0.25,8.556991665,ZWITTERIONIC,CATIONIC
CCCCCCCCCC[N+](C)(C)CCCS(=O)(=O)[O-],CCCCCCCCCCCCCCCC[N+](C)(C)CC1=CC=CC=C1.[Cl-],0.5,0.5,8.50050888,ZWITTERIONIC,CATIONIC
CCCCCCCCCCCC[N+](C)(C)CCCS(=O)(=O)[O-],CCCCCCCCCCCCCCCC[N+](C)(C)CC1=CC=CC=C1.[Cl-],0.5,0.5,17.21,ZWITTERIONIC,CATIONIC
CCCCCCCCCCCCCC[N+](C)(C)CCCS(=O)(=O)[O-],CCCCCCCCCCCCCCCC[N+](C)(C)CC1=CC=CC=C1.[Cl-],0.75,0.25,-3.257476871,ZWITTERIONIC,CATIONIC
CCCCCCCCCCCCCC[N+](C)(C)CCCS(=O)(=O)[O-],CCCCCCCCCCCCCCCC[N+](C)(C)CC1=CC=CC=C1.[Cl-],0.5,0.5,-1.850436506,ZWITTERIONIC,CATIONIC
CCCCCCCCCCCCCC[N+](C)(C)CCCS(=O)(=O)[O-],CCCCCCCCCCCCCCCC[N+](C)(C)CC1=CC=CC=C1.[Cl-],0.25,0.75,-2.088722388,ZWITTERIONIC,CATIONIC
CCCCCCCCCCCCCC[N+](C)(C)C.[Br-],CCCCCCCCCCCC[N+](C)(C)C.[Br-],0.1,0.9,-3.174082713,CATIONIC,CATIONIC
CCCCCCCCCCCCCC[N+](C)(C)C.[Br-],CCCCCCCCCCCCCCCC[N+](C)(C)C.[Br-],0.1,0.9,-1.309641501,CATIONIC,CATIONIC
CCCCCCCCCCCCCC[N+](C)(C)C.[Br-],CCCCCCCCCCCCCCCC[N+](C)(C)C.[Br-],0.3,0.7,-0.539433742,CATIONIC,CATIONIC
CCCCCCCCCCCCCC[N+](C)(C)C.[Br-],CCCCCCCCCCCCCCCC[N+](C)(C)C.[Br-],0.5,0.5,-0.124378346,CATIONIC,CATIONIC
CCCCCCCCCCCCCC[N+](C)(C)C.[Br-],CCCCCCCCCCCCCCCC[N+](C)(C)C.[Br-],0.7,0.3,-0.731592337,CATIONIC,CATIONIC
CCCCCCCCCCCCCCCC(=O)OCCOCC(OCCOCCOCCOCCOCCO)C1OCC(OCCOCCOCCOCCOCCOCCOCCO)C1OCCOCCOCCOCCOCCOCCOCCOCCO,CCCCCCCCCCCCCCCCOCCOCCOCCOCCOCCOCCOCCOCCOCCOCCO,0.17,0.83,7.980278679,NONIONIC,NONIONIC
CCCCCCCCCCCCCCCC(=O)OCCOCC(OCCOCCOCCOCCOCCO)C1OCC(OCCOCCOCCOCCOCCOCCOCCO)C1OCCOCCOCCOCCOCCOCCOCCOCCO,CCCCCCCCCCCCCCCCOCCOCCOCCOCCOCCOCCOCCOCCOCCOCCO,0.33,0.67,9.975277752,NONIONIC,NONIONIC
CCCCCCCCCCCCCCCC(=O)OCCOCC(OCCOCCOCCOCCOCCO)C1OCC(OCCOCCOCCOCCOCCOCCOCCO)C1OCCOCCOCCOCCOCCOCCOCCOCCO,CCCCCCCCCCCCCCCCOCCOCCOCCOCCOCCOCCOCCOCCOCCOCCO,0.5,0.5,11.00446193,NONIONIC,NONIONIC
CCCCCCCCCCCCCCCC(=O)OCCOCC(OCCOCCOCCOCCOCCO)C1OCC(OCCOCCOCCOCCOCCOCCOCCO)C1OCCOCCOCCOCCOCCOCCOCCOCCO,CCCCCCCCCCCCCCCCOCCOCCOCCOCCOCCOCCOCCOCCOCCOCCO,0.67,0.33,13.37655592,NONIONIC,NONIONIC
CCCCCCCCCCCCCCCC(=O)OCCOCC(OCCOCCOCCOCCOCCO)C1OCC(OCCOCCOCCOCCOCCOCCOCCO)C1OCCOCCOCCOCCOCCOCCOCCOCCO,CCCCCCCCCCCCCCCCOCCOCCOCCOCCOCCOCCOCCOCCOCCOCCO,0.83,0.17,2.142604032,NONIONIC,NONIONIC
CCCCCCCCCCCCCCCC[N+]1=CC=CC=C1.[Cl-],CCCCCCCCCCCCCCCC(=O)OCCOCC(OCCOCCOCCOCCOCCO)C1OCC(OCCOCCOCCOCCOCCOCCOCCO)C1OCCOCCOCCOCCOCCOCCOCCOCCO,0.17,0.83,-4.411685027,CATIONIC,NONIONIC
CCCCCCCCCCCCCCCC[N+]1=CC=CC=C1.[Cl-],CCCCCCCCCCCCCCCC(=O)OCCOCC(OCCOCCOCCOCCOCCO)C1OCC(OCCOCCOCCOCCOCCOCCOCCO)C1OCCOCCOCCOCCOCCOCCOCCOCCO,0.33,0.67,-4.032193498,CATIONIC,NONIONIC
CCCCCCCCCCCCCCCC[N+]1=CC=CC=C1.[Cl-],CCCCCCCCCCCCCCCC(=O)OCCOCC(OCCOCCOCCOCCOCCO)C1OCC(OCCOCCOCCOCCOCCOCCOCCO)C1OCCOCCOCCOCCOCCOCCOCCOCCO,0.5,0.5,-3.702636374,CATIONIC,NONIONIC
CCCCCCCCCCCCCCCC[N+]1=CC=CC=C1.[Cl-],CCCCCCCCCCCCCCCC(=O)OCCOCC(OCCOCCOCCOCCOCCO)C1OCC(OCCOCCOCCOCCOCCOCCOCCO)C1OCCOCCOCCOCCOCCOCCOCCOCCO,0.67,0.33,-3.492604449,CATIONIC,NONIONIC
CCCCCCCCCCCCCCCC[N+]1=CC=CC=C1.[Cl-],CCCCCCCCCCCCCCCC(=O)OCCOCC(OCCOCCOCCOCCOCCO)C1OCC(OCCOCCOCCOCCOCCOCCOCCO)C1OCCOCCOCCOCCOCCOCCOCCOCCO,0.83,0.17,-4.043098863,CATIONIC,NONIONIC
CCCCCCCCCCCCCCCC[N+]1=CC=CC=C1.[Cl-],CCCCCCCCCCCCCCCCOCCOCCOCCOCCOCCOCCOCCOCCOCCOCCO,0.17,0.83,-5.313598674,CATIONIC,NONIONIC
CCCCCCCCCCCCCCCC[N+]1=CC=CC=C1.[Cl-],CCCCCCCCCCCCCCCCOCCOCCOCCOCCOCCOCCOCCOCCOCCOCCO,0.33,0.67,-5.182536298,CATIONIC,NONIONIC
CCCCCCCCCCCCCCCC[N+]1=CC=CC=C1.[Cl-],CCCCCCCCCCCCCCCCOCCOCCOCCOCCOCCOCCOCCOCCOCCOCCO,0.5,0.5,-4.931256376,CATIONIC,NONIONIC
CCCCCCCCCCCCCCCC[N+]1=CC=CC=C1.[Cl-],CCCCCCCCCCCCCCCCOCCOCCOCCOCCOCCOCCOCCOCCOCCOCCO,0.67,0.33,-5.340001066,CATIONIC,NONIONIC
CCCCCCCCCCCCCCCC[N+]1=CC=CC=C1.[Cl-],CCCCCCCCCCCCCCCCOCCOCCOCCOCCOCCOCCOCCOCCOCCOCCO,0.83,0.17,-5.378111045,CATIONIC,NONIONIC
CCCCCCCCCCCCOS(=O)(=O)[O-].[Na+],CCCCCCCCCCCC[N+](C)(C)C.[Br-],0.979910045,0.020089955,-13.44505374,ANIONIC,CATIONIC
CCCCCCCCCCCCOS(=O)(=O)[O-].[Na+],CCCCCCCCCCCC[N+](C)(C)C.[Br-],0.952023988,0.047976012,-13.48088805,ANIONIC,CATIONIC
CCCCCCCCCCCCOS(=O)(=O)[O-].[Na+],CCCCCCCCCCCC[N+](C)(C)C.[Br-],0.902548726,0.097451274,-14.03583721,ANIONIC,CATIONIC
CCCCCCCCCCCCOS(=O)(=O)[O-].[Na+],CCCCCCCCCCCC[N+](C)(C)C.[Br-],0.8017991,0.1982009,-14.36109365,ANIONIC,CATIONIC
CCCCCCCCCCCCOS(=O)(=O)[O-].[Na+],CCCCCCCCCCCC[N+](C)(C)C.[Br-],0.701049475,0.298950525,-14.42112442,ANIONIC,CATIONIC
CCCCCCCCCCCCOS(=O)(=O)[O-].[Na+],CCCCCCCCCCCC[N+](C)(C)C.[Br-],0.60029985,0.39970015,-14.75963845,ANIONIC,CATIONIC
CCCCCCCCCCCCOS(=O)(=O)[O-].[Na+],CCCCCCCCCCCC[N+](C)(C)C.[Br-],0.500449775,0.499550225,-14.95225661,ANIONIC,CATIONIC
CCCCCCCCCCCCOS(=O)(=O)[O-].[Na+],CCCCCCCCCCCC[N+](C)(C)C.[Br-],0.40149925,0.59850075,-14.90156835,ANIONIC,CATIONIC
CCCCCCCCCCCCOS(=O)(=O)[O-].[Na+],CCCCCCCCCCCC[N+](C)(C)C.[Br-],0.301649175,0.698350825,-15.05359119,ANIONIC,CATIONIC
CCCCCCCCCCCCOS(=O)(=O)[O-].[Na+],CCCCCCCCCCCC[N+](C)(C)C.[Br-],0.2,0.8,-15.07314711,ANIONIC,CATIONIC
CCCCCCCCCCCCOS(=O)(=O)[O-].[Na+],CCCCCCCCCCCC[N+](C)(C)C.[Br-],0.099250375,0.900749625,-14.56734684,ANIONIC,CATIONIC
CCCCCCCCCCCCOS(=O)(=O)[O-].[Na+],CCCCCCCCCCCC[N+](C)(C)C.[Br-],0.048875562,0.951124438,-14.57654544,ANIONIC,CATIONIC
CCCCCCCCCCCCOS(=O)(=O)[O-].[Na+],CCCCCCCCCCCC[N+](C)(C)CCC[N+](C)(C)CCCCCCCCCCCC.[Br-].[Br-],0.949325337,0.050674663,-18.55767251,ANIONIC,CATIONIC
CCCCCCCCCCCCOS(=O)(=O)[O-].[Na+],CCCCCCCCCCCC[N+](C)(C)CCC[N+](C)(C)CCCCCCCCCCCC.[Br-].[Br-],0.901649175,0.098350825,-17.96167556,ANIONIC,CATIONIC
CCCCCCCCCCCCOS(=O)(=O)[O-].[Na+],CCCCCCCCCCCC[N+](C)(C)CCC[N+](C)(C)CCCCCCCCCCCC.[Br-].[Br-],0.80089955,0.19910045,-19.53921303,ANIONIC,CATIONIC
CCCCCCCCCCCCOS(=O)(=O)[O-].[Na+],CCCCCCCCCCCC[N+](C)(C)CCC[N+](C)(C)CCCCCCCCCCCC.[Br-].[Br-],0.668665667,0.331334333,-22.83369272,ANIONIC,CATIONIC
CCCCCCCCCCCCOS(=O)(=O)[O-].[Na+],CCCCCCCCCCCC[N+](C)(C)CCC[N+](C)(C)CCCCCCCCCCCC.[Br-].[Br-],0.6011994,0.3988006,-21.10006755,ANIONIC,CATIONIC
CCCCCCCCCCCCOS(=O)(=O)[O-].[Na+],CCCCCCCCCCCC[N+](C)(C)CCC[N+](C)(C)CCCCCCCCCCCC.[Br-].[Br-],0.501349325,0.498650675,-20.43086528,ANIONIC,CATIONIC
CCCCCCCCCCCCOS(=O)(=O)[O-].[Na+],CCCCCCCCCCCC[N+](C)(C)CCC[N+](C)(C)CCCCCCCCCCCC.[Br-].[Br-],0.4005997,0.5994003,-18.51993653,ANIONIC,CATIONIC
CCCCCCCCCCCCOS(=O)(=O)[O-].[Na+],CCCCCCCCCCCC[N+](C)(C)CCC[N+](C)(C)CCCCCCCCCCCC.[Br-].[Br-],0.299850075,0.700149925,-17.11987689,ANIONIC,CATIONIC
CCCCCCCCCCCCOS(=O)(=O)[O-].[Na+],CCCCCCCCCCCC[N+](C)(C)CCC[N+](C)(C)CCCCCCCCCCCC.[Br-].[Br-],0.19910045,0.80089955,-17.13070654,ANIONIC,CATIONIC
CCCCCCCCCCCCOS(=O)(=O)[O-].[Na+],CCCCCCCCCCCC[N+](C)(C)CCC[N+](C)(C)CCCCCCCCCCCC.[Br-].[Br-],0.099250375,0.900749625,-15.55813104,ANIONIC,CATIONIC
CCCCCCCCCCCCOS(=O)(=O)[O-].[Na+],CCCCCCCCCCCC[N+](C)(C)CCC[N+](C)(C)CCCCCCCCCCCC.[Br-].[Br-],0.050674663,0.949325337,-15.39908908,ANIONIC,CATIONIC
CCCCCCCCCCCCOS(=O)(=O)[O-].[Na+],CCCCCCCCCCCC[N+](C)(C)CCCCCCCCCCCC.[Br-],0.980809595,0.019190405,-16.58701028,ANIONIC,CATIONIC
CCCCCCCCCCCCOS(=O)(=O)[O-].[Na+],CCCCCCCCCCCC[N+](C)(C)CCCCCCCCCCCC.[Br-],0.900749625,0.099250375,-14.19460903,ANIONIC,CATIONIC
CCCCCCCCCCCCOS(=O)(=O)[O-].[Na+],CCCCCCCCCCCC[N+](C)(C)CCCCCCCCCCCC.[Br-],0.80089955,0.19910045,-14.02635283,ANIONIC,CATIONIC
CCCCCCCCCCCCOS(=O)(=O)[O-].[Na+],CCCCCCCCCCCC[N+](C)(C)CCCCCCCCCCCC.[Br-],0.700149925,0.299850075,-13.97460855,ANIONIC,CATIONIC
CCCCCCCCCCCCOS(=O)(=O)[O-].[Na+],CCCCCCCCCCCC[N+](C)(C)CCCCCCCCCCCC.[Br-],0.500449775,0.499550225,-14.89441824,ANIONIC,CATIONIC
CCCCCCCCCCCCOS(=O)(=O)[O-].[Na+],CCCCCCCCCCCC[N+](C)(C)CCCCCCCCCCCC.[Br-],0.299850075,0.700149925,-11.52469491,ANIONIC,CATIONIC
CCCCCCCCCCCCOS(=O)(=O)[O-].[Na+],CCCCCCCCCCCC[N+](C)(C)CCCCCCCCCCCC.[Br-],0.100149925,0.899850075,-10.25968166,ANIONIC,CATIONIC
CCCCCCCCCCCCOS(=O)(=O)[O-].[Na+],CCCCCCCCCCCC[N+](C)(C)CCCCCCCCCCCC.[Br-],0.048875562,0.951124438,-10.79224837,ANIONIC,CATIONIC
C1=CC(=CC(=C1OC(C(=O)[O-])CCCCCCCCCC))OC(C(=O)[O-])CCCCCCCCCC.[Na+].[Na+],CCCCCCCCCCCC[N+](C)(C)C.[Br-],0.1,0.9,-18.67468127,ANIONIC,CATIONIC
C1=CC(=CC(=C1OC(C(=O)[O-])CCCCCCCCCC))OC(C(=O)[O-])CCCCCCCCCC.[Na+].[Na+],CCCCCCCCCCCC[N+](C)(C)C.[Br-],0.2,0.8,-18.10748317,ANIONIC,CATIONIC
C1=CC(=CC(=C1OC(C(=O)[O-])CCCCCCCCCC))OC(C(=O)[O-])CCCCCCCCCC.[Na+].[Na+],CCCCCCCCCCCC[N+](C)(C)C.[Br-],0.33,0.67,-18.02244094,ANIONIC,CATIONIC
C1=CC(=CC(=C1OC(C(=O)[O-])CCCCCCCCCC))OC(C(=O)[O-])CCCCCCCCCC.[Na+].[Na+],CCCCCCCCCCCC[N+](C)(C)C.[Br-],0.5,0.5,-14.51660204,ANIONIC,CATIONIC
C1=CC(=CC(=C1OC(C(=O)[O-])CCCCCCCCCC))OC(C(=O)[O-])CCCCCCCCCC.[Na+].[Na+],CCCCCCCCCCCC[N+](C)(C)C.[Br-],0.7,0.3,-13.43818736,ANIONIC,CATIONIC
C1=CC(=CC(=C1OC(C(=O)[O-])CCCCCCCCCC))OC(C(=O)[O-])CCCCCCCCCC.[Na+].[Na+],CCCCCCCCCCCC[N+](C)(C)C.[Br-],0.9,0.1,-11.07487501,ANIONIC,CATIONIC
C(C(C(C(C(F)(F)F)(F)F)(F)F)(F)F)(F)(F)OCCOCCOCCOCCOCCOCCOCCOCCOCCOCCO,CCCCCCCCCCCC[N+](C)(C)C.[Br-],0.901748252,0.098251748,-3.567358252,NONIONIC,CATIONIC
C(C(C(C(C(F)(F)F)(F)F)(F)F)(F)F)(F)(F)OCCOCCOCCOCCOCCOCCOCCOCCOCCOCCO,CCCCCCCCCCCC[N+](C)(C)C.[Br-],0.8,0.2,-4.202063037,NONIONIC,CATIONIC
C(C(C(C(C(F)(F)F)(F)F)(F)F)(F)F)(F)(F)OCCOCCOCCOCCOCCOCCOCCOCCOCCOCCO,CCCCCCCCCCCC[N+](C)(C)C.[Br-],0.699300699,0.300699301,-5.944418257,NONIONIC,CATIONIC
C(C(C(C(C(F)(F)F)(F)F)(F)F)(F)F)(F)(F)OCCOCCOCCOCCOCCOCCOCCOCCOCCOCCO,CCCCCCCCCCCC[N+](C)(C)C.[Br-],0.600699301,0.399300699,-6.628302667,NONIONIC,CATIONIC
C(C(C(C(C(F)(F)F)(F)F)(F)F)(F)F)(F)(F)OCCOCCOCCOCCOCCOCCOCCOCCOCCOCCO,CCCCCCCCCCCC[N+](C)(C)C.[Br-],0.498951049,0.501048951,-6.922699017,NONIONIC,CATIONIC
C(C(C(C(C(F)(F)F)(F)F)(F)F)(F)F)(F)(F)OCCOCCOCCOCCOCCOCCOCCOCCOCCOCCO,CCCCCCCCCCCC[N+](C)(C)C.[Br-],0.399300699,0.600699301,-7.047533497,NONIONIC,CATIONIC
C(C(C(C(C(F)(F)F)(F)F)(F)F)(F)F)(F)(F)OCCOCCOCCOCCOCCOCCOCCOCCOCCOCCO,CCCCCCCCCCCC[N+](C)(C)C.[Br-],0.298601399,0.701398601,-6.292270066,NONIONIC,CATIONIC
C(C(C(C(C(F)(F)F)(F)F)(F)F)(F)F)(F)(F)OCCOCCOCCOCCOCCOCCOCCOCCOCCOCCO,CCCCCCCCCCCC[N+](C)(C)C.[Br-],0.198951049,0.801048951,-3.52934272,NONIONIC,CATIONIC
C(C(C(C(C(F)(F)F)(F)F)(F)F)(F)F)(F)(F)OCCOCCOCCOCCOCCOCCOCCOCCOCCOCCO,CCCCCCCCCCCC[N+](C)(C)C.[Br-],0.098251748,0.901748252,-2.354248631,NONIONIC,CATIONIC
CCCCCCCCCCOS(=O)(=O)[O-].[Na+],CC(C)CC(C)(C#CC(C)(CC(C)C)OCCOCCOCCOCCOCCO)OCCOCCOCCOCCOCCO,0.05,0.95,-4.964673206,ANIONIC,NONIONIC
CCCCCCCCCCOS(=O)(=O)[O-].[Na+],CC(C)CC(C)(C#CC(C)(CC(C)C)OCCOCCOCCOCCOCCO)OCCOCCOCCOCCOCCO,0.1,0.9,-4.150567412,ANIONIC,NONIONIC
CCCCCCCCCCOS(=O)(=O)[O-].[Na+],CC(C)CC(C)(C#CC(C)(CC(C)C)OCCOCCOCCOCCOCCO)OCCOCCOCCOCCOCCO,0.3,0.7,-3.408230079,ANIONIC,NONIONIC
CCCCCCCCCCOS(=O)(=O)[O-].[Na+],CC(C)CC(C)(C#CC(C)(CC(C)C)OCCOCCOCCOCCOCCO)OCCOCCOCCOCCOCCO,0.5,0.5,-3.809517369,ANIONIC,NONIONIC
CCCCCCCCCCOS(=O)(=O)[O-].[Na+],CC(C)CC(C)(C#CC(C)(CC(C)C)OCCOCCOCCOCCOCCO)OCCOCCOCCOCCOCCO,0.7,0.3,-7.06713294,ANIONIC,NONIONIC
CCCCCCCCCCOS(=O)(=O)[O-].[Na+],CC(C)CC(C)(C#CC(C)(CC(C)C)OCCOCCOCCOCCOCCO)OCCOCCOCCOCCOCCO,0.9,0.1,-7.05,ANIONIC,NONIONIC
CCCCCCCCCCOS(=O)(=O)[O-].[Na+],CC(C)CC(C)(C#CC(C)(CC(C)C)OCCOCCOCCOCCOCCO)OCCOCCOCCOCCOCCO,0.95,0.05,-4.146394163,ANIONIC,NONIONIC
CCCCCCCCCCCCOS(=O)(=O)[O-].[Na+],CC(C)CC(C)(C#CC(C)(CC(C)C)OCCOCCOCCOCCOCCO)OCCOCCOCCOCCOCCO,0.05,0.95,-6.1534588,ANIONIC,NONIONIC
CCCCCCCCCCCCOS(=O)(=O)[O-].[Na+],CC(C)CC(C)(C#CC(C)(CC(C)C)OCCOCCOCCOCCOCCO)OCCOCCOCCOCCOCCO,0.1,0.9,-5.412035659,ANIONIC,NONIONIC
CCCCCCCCCCCCOS(=O)(=O)[O-].[Na+],CC(C)CC(C)(C#CC(C)(CC(C)C)OCCOCCOCCOCCOCCO)OCCOCCOCCOCCOCCO,0.3,0.7,-5.464127961,ANIONIC,NONIONIC
CCCCCCCCCCCCOS(=O)(=O)[O-].[Na+],CC(C)CC(C)(C#CC(C)(CC(C)C)OCCOCCOCCOCCOCCO)OCCOCCOCCOCCOCCO,0.5,0.5,-5.672961424,ANIONIC,NONIONIC
CCCCCCCCCCCCOS(=O)(=O)[O-].[Na+],CC(C)CC(C)(C#CC(C)(CC(C)C)OCCOCCOCCOCCOCCO)OCCOCCOCCOCCOCCO,0.7,0.3,-5.871710244,ANIONIC,NONIONIC
CCCCCCCCCCCCOS(=O)(=O)[O-].[Na+],CC(C)CC(C)(C#CC(C)(CC(C)C)OCCOCCOCCOCCOCCO)OCCOCCOCCOCCOCCO,0.9,0.1,-5.226909988,ANIONIC,NONIONIC
CCCCCCCCCCCCOS(=O)(=O)[O-].[Na+],CC(C)CC(C)(C#CC(C)(CC(C)C)OCCOCCOCCOCCOCCO)OCCOCCOCCOCCOCCO,0.95,0.05,-6.18812377,ANIONIC,NONIONIC
CCCCC(CC)CCC(CC(C)C)OS(=O)(=O)[O-].[Na+],CC(C)CC(C)(C#CC(C)(CC(C)C)OCCOCCOCCOCCOCCO)OCCOCCOCCOCCOCCO,0.05,0.95,-5.769692085,ANIONIC,NONIONIC
CCCCC(CC)CCC(CC(C)C)OS(=O)(=O)[O-].[Na+],CC(C)CC(C)(C#CC(C)(CC(C)C)OCCOCCOCCOCCOCCO)OCCOCCOCCOCCOCCO,0.1,0.9,-6.162611534,ANIONIC,NONIONIC
CCCCC(CC)CCC(CC(C)C)OS(=O)(=O)[O-].[Na+],CC(C)CC(C)(C#CC(C)(CC(C)C)OCCOCCOCCOCCOCCO)OCCOCCOCCOCCOCCO,0.3,0.7,-6.242563058,ANIONIC,NONIONIC
CCCCC(CC)CCC(CC(C)C)OS(=O)(=O)[O-].[Na+],CC(C)CC(C)(C#CC(C)(CC(C)C)OCCOCCOCCOCCOCCO)OCCOCCOCCOCCOCCO,0.5,0.5,-6.281792826,ANIONIC,NONIONIC
CCCCC(CC)CCC(CC(C)C)OS(=O)(=O)[O-].[Na+],CC(C)CC(C)(C#CC(C)(CC(C)C)OCCOCCOCCOCCOCCO)OCCOCCOCCOCCOCCO,0.7,0.3,-6.505671266,ANIONIC,NONIONIC
CCCCC(CC)CCC(CC(C)C)OS(=O)(=O)[O-].[Na+],CC(C)CC(C)(C#CC(C)(CC(C)C)OCCOCCOCCOCCOCCO)OCCOCCOCCOCCOCCO,0.9,0.1,-7.557954302,ANIONIC,NONIONIC
CCCCC(CC)CCC(CC(C)C)OS(=O)(=O)[O-].[Na+],CC(C)CC(C)(C#CC(C)(CC(C)C)OCCOCCOCCOCCOCCO)OCCOCCOCCOCCOCCO,0.95,0.05,-6.700312579,ANIONIC,NONIONIC
CCCCCCCCCCS(=O)(=O)[O-].[Na+],CC(C)CC(C)(C#CC(C)(CC(C)C)OCCOCCOCCOCCOCCO)OCCOCCOCCOCCOCCO,0.05,0.95,-3.82000691,ANIONIC,NONIONIC
CCCCCCCCCCS(=O)(=O)[O-].[Na+],CC(C)CC(C)(C#CC(C)(CC(C)C)OCCOCCOCCOCCOCCO)OCCOCCOCCOCCOCCO,0.1,0.9,-3.826467626,ANIONIC,NONIONIC
CCCCCCCCCCS(=O)(=O)[O-].[Na+],CC(C)CC(C)(C#CC(C)(CC(C)C)OCCOCCOCCOCCOCCO)OCCOCCOCCOCCOCCO,0.3,0.7,-2.8176912,ANIONIC,NONIONIC
CCCCCCCCCCS(=O)(=O)[O-].[Na+],CC(C)CC(C)(C#CC(C)(CC(C)C)OCCOCCOCCOCCOCCO)OCCOCCOCCOCCOCCO,0.5,0.5,-4.350879624,ANIONIC,NONIONIC
CCCCCCCCCCS(=O)(=O)[O-].[Na+],CC(C)CC(C)(C#CC(C)(CC(C)C)OCCOCCOCCOCCOCCO)OCCOCCOCCOCCOCCO,0.7,0.3,-3.18023296,ANIONIC,NONIONIC
CCCCCCCCCCS(=O)(=O)[O-].[Na+],CC(C)CC(C)(C#CC(C)(CC(C)C)OCCOCCOCCOCCOCCO)OCCOCCOCCOCCOCCO,0.9,0.1,-3.8881434,ANIONIC,NONIONIC
CCCCCCCCCCS(=O)(=O)[O-].[Na+],CC(C)CC(C)(C#CC(C)(CC(C)C)OCCOCCOCCOCCOCCO)OCCOCCOCCOCCOCCO,0.95,0.05,-4.842045389,ANIONIC,NONIONIC
CCCCCCCCCCCCS(=O)(=O)[O-].[Na+],CC(C)CC(C)(C#CC(C)(CC(C)C)OCCOCCOCCOCCOCCO)OCCOCCOCCOCCOCCO,0.05,0.95,-5.943172661,ANIONIC,NONIONIC
CCCCCCCCCCCCS(=O)(=O)[O-].[Na+],CC(C)CC(C)(C#CC(C)(CC(C)C)OCCOCCOCCOCCOCCO)OCCOCCOCCOCCOCCO,0.1,0.9,-5.186337653,ANIONIC,NONIONIC
CCCCCCCCCCCCS(=O)(=O)[O-].[Na+],CC(C)CC(C)(C#CC(C)(CC(C)C)OCCOCCOCCOCCOCCO)OCCOCCOCCOCCOCCO,0.3,0.7,-4.189078395,ANIONIC,NONIONIC
CCCCCCCCCCCCS(=O)(=O)[O-].[Na+],CC(C)CC(C)(C#CC(C)(CC(C)C)OCCOCCOCCOCCOCCO)OCCOCCOCCOCCOCCO,0.5,0.5,-4.341601618,ANIONIC,NONIONIC
CCCCCCCCCCCCS(=O)(=O)[O-].[Na+],CC(C)CC(C)(C#CC(C)(CC(C)C)OCCOCCOCCOCCOCCO)OCCOCCOCCOCCOCCO,0.7,0.3,-4.251901604,ANIONIC,NONIONIC
CCCCCCCCCCCCS(=O)(=O)[O-].[Na+],CC(C)CC(C)(C#CC(C)(CC(C)C)OCCOCCOCCOCCOCCO)OCCOCCOCCOCCOCCO,0.9,0.1,-5.716930641,ANIONIC,NONIONIC
CCCCC(CC)CCC(CC(C)C)S(=O)(=O)[O-].[Na+],CC(C)CC(C)(C#CC(C)(CC(C)C)OCCOCCOCCOCCOCCO)OCCOCCOCCOCCOCCO,0.05,0.95,-4.512393658,ANIONIC,NONIONIC
CCCCC(CC)CCC(CC(C)C)S(=O)(=O)[O-].[Na+],CC(C)CC(C)(C#CC(C)(CC(C)C)OCCOCCOCCOCCOCCO)OCCOCCOCCOCCOCCO,0.1,0.9,-4.175208333,ANIONIC,NONIONIC
CCCCC(CC)CCC(CC(C)C)S(=O)(=O)[O-].[Na+],CC(C)CC(C)(C#CC(C)(CC(C)C)OCCOCCOCCOCCOCCO)OCCOCCOCCOCCOCCO,0.3,0.7,-3.402170698,ANIONIC,NONIONIC
CCCCC(CC)CCC(CC(C)C)S(=O)(=O)[O-].[Na+],CC(C)CC(C)(C#CC(C)(CC(C)C)OCCOCCOCCOCCOCCO)OCCOCCOCCOCCOCCO,0.5,0.5,-4.570473604,ANIONIC,NONIONIC
CCCCC(CC)CCC(CC(C)C)S(=O)(=O)[O-].[Na+],CC(C)CC(C)(C#CC(C)(CC(C)C)OCCOCCOCCOCCOCCO)OCCOCCOCCOCCOCCO,0.7,0.3,-5.201140706,ANIONIC,NONIONIC
CCCCC(CC)CCC(CC(C)C)S(=O)(=O)[O-].[Na+],CC(C)CC(C)(C#CC(C)(CC(C)C)OCCOCCOCCOCCOCCO)OCCOCCOCCOCCOCCO,0.9,0.1,-5.482533911,ANIONIC,NONIONIC
CCCCC(CC)CCC(CC(C)C)S(=O)(=O)[O-].[Na+],CC(C)CC(C)(C#CC(C)(CC(C)C)OCCOCCOCCOCCOCCO)OCCOCCOCCOCCOCCO,0.95,0.05,-4.160695406,ANIONIC,NONIONIC
C(=O)(C(C(C(C(C(C(C(F)(F)F)(F)F)(F)F)(F)F)(F)F)(F)F)(F)F)O.[Na+],CCCCCCCCN1C=C[N+](=C1)C.[Cl-],0.25,0.75,-17.58918708,NONIONIC,CATIONIC
C(=O)(C(C(C(C(C(C(C(F)(F)F)(F)F)(F)F)(F)F)(F)F)(F)F)(F)F)O.[Na+],CCCCCCCCN1C=C[N+](=C1)C.[Cl-],0.5,0.5,-17.48816945,NONIONIC,CATIONIC
C(=O)(C(C(C(C(C(C(C(F)(F)F)(F)F)(F)F)(F)F)(F)F)(F)F)(F)F)O.[Na+],CCCCCCCCN1C=C[N+](=C1)C.[Cl-],0.75,0.25,-18.02740713,NONIONIC,CATIONIC
C(=O)(C(C(C(C(C(C(C(F)(F)F)(F)F)(F)F)(F)F)(F)F)(F)F)(F)F)O.[Na+],CCCCCCCCCCN1C=C[N+](=C1)C.[Cl-],0.25,0.75,-21.84439421,NONIONIC,CATIONIC
C(=O)(C(C(C(C(C(C(C(F)(F)F)(F)F)(F)F)(F)F)(F)F)(F)F)(F)F)O.[Na+],CCCCCCCCCCN1C=C[N+](=C1)C.[Cl-],0.5,0.5,-22.11700702,NONIONIC,CATIONIC
CCCCCCCCCCCCOCCOCCOCCOCCOCCOCCOCCOCCOCCO[H],CCCCCCCCCCCCOS(=O)([O-])=O.[Na+],0.1,0.9,-6.846375546,NONIONIC,ANIONIC
CCCCCCCCCCCCOCCOCCOCCOCCOCCOCCOCCOCCOCCO[H],CCCCCCCCCCCCOS(=O)([O-])=O.[Na+],0.3,0.7,-8.642080928,NONIONIC,ANIONIC
CCCCCCCCCCCCOCCOCCOCCOCCOCCOCCOCCOCCOCCO[H],CCCCCCCCCCCCOS(=O)([O-])=O.[Na+],0.7,0.3,-2.954737439,NONIONIC,ANIONIC
CCCCCCCCCCCCOCCOCCOCCOCCOCCOCCOCCOCCOCCO[H],CCCCCCCCCCCCOS(=O)([O-])=O.[Na+],0.9,0.1,-5.929403631,NONIONIC,ANIONIC
CCCCCCCCCCCCOCCOCCOCCOCCOCCOCCOCCOCCOCCO[H],CCCCCCCCCCCCCCCC[N+](C)(C)C.[Br-],0.1,0.9,-0.309276993,NONIONIC,CATIONIC
CCCCCCCCCCCCOCCOCCOCCOCCOCCOCCOCCOCCOCCO[H],CCCCCCCCCCCCCCCC[N+](C)(C)C.[Br-],0.3,0.7,-4.368755122,NONIONIC,CATIONIC
CCCCCCCCCCCCOCCOCCOCCOCCOCCOCCOCCOCCOCCO[H],CCCCCCCCCCCCCCCC[N+](C)(C)C.[Br-],0.5,0.5,-5.065304757,NONIONIC,CATIONIC
CCCCCCCCCCCCOCCOCCOCCOCCOCCOCCOCCOCCOCCO[H],CCCCCCCCCCCCCCCC[N+](C)(C)C.[Br-],0.7,0.3,-5.096547857,NONIONIC,CATIONIC
CCCCCCCCCCCCOCCOCCOCCOCCOCCOCCOCCOCCOCCO[H],CCCCCCCCCCCCCCCC[N+](C)(C)C.[Br-],0.9,0.1,-4.46562085,NONIONIC,CATIONIC
CCCCCCCCCCCCOCCOCCOCCOCCOCCOCCOCCOCCOCCO[H],CC(C)(CC(C)(C1=CC=C(OCCOCCOCCOCCOCCOCCOCCOCCOCCOCCO)C=C1)C)C,0.1,0.9,-2.501582703,NONIONIC,NONIONIC
CCCCCCCCCCCCOCCOCCOCCOCCOCCOCCOCCOCCOCCO[H],CC(C)(CC(C)(C1=CC=C(OCCOCCOCCOCCOCCOCCOCCOCCOCCOCCO)C=C1)C)C,0.3,0.7,0.20241187,NONIONIC,NONIONIC
CCCCCCCCCCCCOCCOCCOCCOCCOCCOCCOCCOCCOCCO[H],CC(C)(CC(C)(C1=CC=C(OCCOCCOCCOCCOCCOCCOCCOCCOCCOCCO)C=C1)C)C,0.5,0.5,-0.746298673,NONIONIC,NONIONIC
CCCCCCCCCCCCOCCOCCOCCOCCOCCOCCOCCOCCOCCO[H],CC(C)(CC(C)(C1=CC=C(OCCOCCOCCOCCOCCOCCOCCOCCOCCOCCO)C=C1)C)C,0.7,0.3,-1.657848802,NONIONIC,NONIONIC
CCCCCCCCCCCCOCCOCCOCCOCCOCCOCCOCCOCCOCCO[H],CC(C)(CC(C)(C1=CC=C(OCCOCCOCCOCCOCCOCCOCCOCCOCCOCCO)C=C1)C)C,0.9,0.1,-1.671149052,NONIONIC,NONIONIC
CCCCCCCCCCCCOCCOCCOCCOCCOCCOCCOCCOCCOCCO[H],CCCCCCCCCCCC[N+](C)(CC([O-])=O)C,0.1,0.9,-1.3067524,NONIONIC,ZWITTERIONIC
CCCCCCCCCCCCOCCOCCOCCOCCOCCOCCOCCOCCOCCO[H],CCCCCCCCCCCC[N+](C)(CC([O-])=O)C,0.3,0.7,-2.240017797,NONIONIC,ZWITTERIONIC
CCCCCCCCCCCCOCCOCCOCCOCCOCCOCCOCCOCCOCCO[H],CCCCCCCCCCCC[N+](C)(CC([O-])=O)C,0.5,0.5,-1.836619567,NONIONIC,ZWITTERIONIC
CCCCCCCCCCCCOCCOCCOCCOCCOCCOCCOCCOCCOCCO[H],CCCCCCCCCCCC[N+](C)(CC([O-])=O)C,0.7,0.3,-0.936777899,NONIONIC,ZWITTERIONIC
CCCCCCCCCCCCOCCOCCOCCOCCOCCOCCOCCOCCOCCO[H],CCCCCCCCCCCC[N+](C)(CC([O-])=O)C,0.9,0.1,-0.523644012,NONIONIC,ZWITTERIONIC
CCCCCCCCCCCCCOCCOCCOCCOCCOCCOCCOCCOCCO[H],CCCCCCCCCCCCOS(=O)([O-])=O.[Na+],0.1,0.9,-4.573498232,NONIONIC,ANIONIC
CCCCCCCCCCCCCOCCOCCOCCOCCOCCOCCOCCOCCO[H],CCCCCCCCCCCCOS(=O)([O-])=O.[Na+],0.3,0.7,-5.369700936,NONIONIC,ANIONIC
CCCCCCCCCCCCCOCCOCCOCCOCCOCCOCCOCCOCCO[H],CCCCCCCCCCCCOS(=O)([O-])=O.[Na+],0.5,0.5,-5.732281636,NONIONIC,ANIONIC
CCCCCCCCCCCCCOCCOCCOCCOCCOCCOCCOCCOCCO[H],CCCCCCCCCCCCOS(=O)([O-])=O.[Na+],0.7,0.3,-5.805720976,NONIONIC,ANIONIC
CCCCCCCCCCCCCOCCOCCOCCOCCOCCOCCOCCOCCO[H],CCCCCCCCCCCCOS(=O)([O-])=O.[Na+],0.9,0.1,-6.247221044,NONIONIC,ANIONIC
CCCCCCCCCCCCCOCCOCCOCCOCCOCCOCCOCCOCCO[H],CCCCCCCCCCCCCCCC[N+](C)(C)C.[Br-],0.1,0.9,-0.652749913,NONIONIC,CATIONIC
CCCCCCCCCCCCCOCCOCCOCCOCCOCCOCCOCCOCCO[H],CCCCCCCCCCCCCCCC[N+](C)(C)C.[Br-],0.3,0.7,-2.210126709,NONIONIC,CATIONIC
CCCCCCCCCCCCCOCCOCCOCCOCCOCCOCCOCCOCCO[H],CCCCCCCCCCCCCCCC[N+](C)(C)C.[Br-],0.5,0.5,-1.346989413,NONIONIC,CATIONIC
CCCCCCCCCCCCCOCCOCCOCCOCCOCCOCCOCCOCCO[H],CCCCCCCCCCCCCCCC[N+](C)(C)C.[Br-],0.7,0.3,-2.063461222,NONIONIC,CATIONIC
CCCCCCCCCCCCCOCCOCCOCCOCCOCCOCCOCCOCCO[H],CCCCCCCCCCCCCCCC[N+](C)(C)C.[Br-],0.9,0.1,-2.690604658,NONIONIC,CATIONIC
CCCCCCCCCCCCCOCCOCCOCCOCCOCCOCCOCCOCCO[H],CC(C)(CC(C)(C1=CC=C(OCCOCCOCCOCCOCCOCCOCCOCCOCCOCCO)C=C1)C)C,0.1,0.9,-2.696801081,NONIONIC,NONIONIC
CCCCCCCCCCCCCOCCOCCOCCOCCOCCOCCOCCOCCO[H],CC(C)(CC(C)(C1=CC=C(OCCOCCOCCOCCOCCOCCOCCOCCOCCOCCO)C=C1)C)C,0.3,0.7,-1.46137305,NONIONIC,NONIONIC
CCCCCCCCCCCCCOCCOCCOCCOCCOCCOCCOCCOCCO[H],CC(C)(CC(C)(C1=CC=C(OCCOCCOCCOCCOCCOCCOCCOCCOCCOCCO)C=C1)C)C,0.5,0.5,-3.611592595,NONIONIC,NONIONIC
CCCCCCCCCCCCCOCCOCCOCCOCCOCCOCCOCCOCCO[H],CC(C)(CC(C)(C1=CC=C(OCCOCCOCCOCCOCCOCCOCCOCCOCCOCCO)C=C1)C)C,0.7,0.3,-1.446677781,NONIONIC,NONIONIC
CCCCCCCCCCCCCOCCOCCOCCOCCOCCOCCOCCOCCO[H],CC(C)(CC(C)(C1=CC=C(OCCOCCOCCOCCOCCOCCOCCOCCOCCOCCO)C=C1)C)C,0.9,0.1,-2.123510206,NONIONIC,NONIONIC
CCCCCCCCCCCCCOCCOCCOCCOCCOCCOCCOCCOCCO[H],CCCCCCCCCCCC[N+](C)(CC([O-])=O)C,0.1,0.9,-1.380273447,NONIONIC,ZWITTERIONIC
CCCCCCCCCCCCCOCCOCCOCCOCCOCCOCCOCCOCCO[H],CCCCCCCCCCCC[N+](C)(CC([O-])=O)C,0.3,0.7,-0.340290713,NONIONIC,ZWITTERIONIC
CCCCCCCCCCCCCOCCOCCOCCOCCOCCOCCOCCOCCO[H],CCCCCCCCCCCC[N+](C)(CC([O-])=O)C,0.5,0.5,0.449537652,NONIONIC,ZWITTERIONIC
CCCCCCCCCCCCCOCCOCCOCCOCCOCCOCCOCCOCCO[H],CCCCCCCCCCCC[N+](C)(CC([O-])=O)C,0.7,0.3,-1.548910769,NONIONIC,ZWITTERIONIC
CCCCCCCCCCCCCOCCOCCOCCOCCOCCOCCOCCOCCO[H],CCCCCCCCCCCC[N+](C)(CC([O-])=O)C,0.9,0.1,-1.903280191,NONIONIC,ZWITTERIONIC
CCCCCCCCCCCCCOCCOCCOCCOCCOCCOCCOCCOCCOCCOCCO[H],CCCCCCCCCCCCOS(=O)([O-])=O.[Na+],0.1,0.9,-5.763646913,NONIONIC,ANIONIC
CCCCCCCCCCCCCOCCOCCOCCOCCOCCOCCOCCOCCOCCOCCO[H],CCCCCCCCCCCCOS(=O)([O-])=O.[Na+],0.3,0.7,-6.342585178,NONIONIC,ANIONIC
CCCCCCCCCCCCCOCCOCCOCCOCCOCCOCCOCCOCCOCCOCCO[H],CCCCCCCCCCCCOS(=O)([O-])=O.[Na+],0.5,0.5,-8.027768226,NONIONIC,ANIONIC
CCCCCCCCCCCCCOCCOCCOCCOCCOCCOCCOCCOCCOCCOCCO[H],CCCCCCCCCCCCOS(=O)([O-])=O.[Na+],0.7,0.3,-5.949209393,NONIONIC,ANIONIC
CCCCCCCCCCCCCOCCOCCOCCOCCOCCOCCOCCOCCOCCOCCO[H],CCCCCCCCCCCCOS(=O)([O-])=O.[Na+],0.9,0.1,-4.046078085,NONIONIC,ANIONIC
CCCCCCCCCCCCCOCCOCCOCCOCCOCCOCCOCCOCCOCCOCCO[H],CCCCCCCCCCCCCCCC[N+](C)(C)C.[Br-],0.1,0.9,-1.204822763,NONIONIC,CATIONIC
CCCCCCCCCCCCCOCCOCCOCCOCCOCCOCCOCCOCCOCCOCCO[H],CCCCCCCCCCCCCCCC[N+](C)(C)C.[Br-],0.3,0.7,-3.771511671,NONIONIC,CATIONIC
CCCCCCCCCCCCCOCCOCCOCCOCCOCCOCCOCCOCCOCCOCCO[H],CCCCCCCCCCCCCCCC[N+](C)(C)C.[Br-],0.5,0.5,-3.70663087,NONIONIC,CATIONIC
CCCCCCCCCCCCCOCCOCCOCCOCCOCCOCCOCCOCCOCCOCCO[H],CCCCCCCCCCCCCCCC[N+](C)(C)C.[Br-],0.7,0.3,-3.853476023,NONIONIC,CATIONIC
CCCCCCCCCCCCCOCCOCCOCCOCCOCCOCCOCCOCCOCCOCCO[H],CCCCCCCCCCCCCCCC[N+](C)(C)C.[Br-],0.9,0.1,-3.935570975,NONIONIC,CATIONIC
CCCCCCCCCCCCCOCCOCCOCCOCCOCCOCCOCCOCCOCCOCCO[H],CC(C)(CC(C)(C1=CC=C(OCCOCCOCCOCCOCCOCCOCCOCCOCCOCCO)C=C1)C)C,0.1,0.9,-2.062771136,NONIONIC,NONIONIC
CCCCCCCCCCCCCOCCOCCOCCOCCOCCOCCOCCOCCOCCOCCO[H],CC(C)(CC(C)(C1=CC=C(OCCOCCOCCOCCOCCOCCOCCOCCOCCOCCO)C=C1)C)C,0.3,0.7,-1.630813722,NONIONIC,NONIONIC
CCCCCCCCCCCCCOCCOCCOCCOCCOCCOCCOCCOCCOCCOCCO[H],CC(C)(CC(C)(C1=CC=C(OCCOCCOCCOCCOCCOCCOCCOCCOCCOCCO)C=C1)C)C,0.5,0.5,-0.905693879,NONIONIC,NONIONIC
CCCCCCCCCCCCCOCCOCCOCCOCCOCCOCCOCCOCCOCCOCCO[H],CC(C)(CC(C)(C1=CC=C(OCCOCCOCCOCCOCCOCCOCCOCCOCCOCCO)C=C1)C)C,0.7,0.3,-0.687528458,NONIONIC,NONIONIC
CCCCCCCCCCCCCOCCOCCOCCOCCOCCOCCOCCOCCOCCOCCO[H],CC(C)(CC(C)(C1=CC=C(OCCOCCOCCOCCOCCOCCOCCOCCOCCOCCO)C=C1)C)C,0.9,0.1,-3.323041336,NONIONIC,NONIONIC
CCCCCCCCCCCCCOCCOCCOCCOCCOCCOCCOCCOCCOCCOCCO[H],CCCCCCCCCCCC[N+](C)(CC([O-])=O)C,0.1,0.9,-2.080273083,NONIONIC,ZWITTERIONIC
CCCCCCCCCCCCCOCCOCCOCCOCCOCCOCCOCCOCCOCCOCCO[H],CCCCCCCCCCCC[N+](C)(CC([O-])=O)C,0.3,0.7,0.210916995,NONIONIC,ZWITTERIONIC
CCCCCCCCCCCCCOCCOCCOCCOCCOCCOCCOCCOCCOCCOCCO[H],CCCCCCCCCCCC[N+](C)(CC([O-])=O)C,0.5,0.5,-0.123011259,NONIONIC,ZWITTERIONIC
CCCCCCCCCCCCCOCCOCCOCCOCCOCCOCCOCCOCCOCCOCCO[H],CCCCCCCCCCCC[N+](C)(CC([O-])=O)C,0.9,0.1,-2.391528682,NONIONIC,ZWITTERIONIC
CCCCCC(CCC)C1=CC=C(OCCOCCOCCOCCOCCOCCOCCOCCOCCOCCO)C=C1,CCCCCCCCCCCCOS(=O)([O-])=O.[Na+],0.1,0.9,-10.41622129,NONIONIC,ANIONIC
CCCCCC(CCC)C1=CC=C(OCCOCCOCCOCCOCCOCCOCCOCCOCCOCCO)C=C1,CCCCCCCCCCCCOS(=O)([O-])=O.[Na+],0.3,0.7,-6.184502837,NONIONIC,ANIONIC
CCCCCC(CCC)C1=CC=C(OCCOCCOCCOCCOCCOCCOCCOCCOCCOCCO)C=C1,CCCCCCCCCCCCOS(=O)([O-])=O.[Na+],0.5,0.5,-5.737275955,NONIONIC,ANIONIC
CCCCCC(CCC)C1=CC=C(OCCOCCOCCOCCOCCOCCOCCOCCOCCOCCO)C=C1,CCCCCCCCCCCCOS(=O)([O-])=O.[Na+],0.7,0.3,-5.336452449,NONIONIC,ANIONIC
CCCCCC(CCC)C1=CC=C(OCCOCCOCCOCCOCCOCCOCCOCCOCCOCCO)C=C1,CCCCCCCCCCCCOS(=O)([O-])=O.[Na+],0.9,0.1,-6.333024342,NONIONIC,ANIONIC
CCCCCC(CCC)C1=CC=C(OCCOCCOCCOCCOCCOCCOCCOCCOCCOCCO)C=C1,CCCCCCCCCCCCCCCC[N+](C)(C)C.[Br-],0.1,0.9,-3.189848815,NONIONIC,CATIONIC
CCCCCC(CCC)C1=CC=C(OCCOCCOCCOCCOCCOCCOCCOCCOCCOCCO)C=C1,CCCCCCCCCCCCCCCC[N+](C)(C)C.[Br-],0.3,0.7,-4.237079565,NONIONIC,CATIONIC
CCCCCC(CCC)C1=CC=C(OCCOCCOCCOCCOCCOCCOCCOCCOCCOCCO)C=C1,CCCCCCCCCCCCCCCC[N+](C)(C)C.[Br-],0.5,0.5,-3.651511209,NONIONIC,CATIONIC
CCCCCC(CCC)C1=CC=C(OCCOCCOCCOCCOCCOCCOCCOCCOCCOCCO)C=C1,CCCCCCCCCCCCCCCC[N+](C)(C)C.[Br-],0.7,0.3,-2.979744962,NONIONIC,CATIONIC
CCCCCC(CCC)C1=CC=C(OCCOCCOCCOCCOCCOCCOCCOCCOCCOCCO)C=C1,CCCCCCCCCCCCCCCC[N+](C)(C)C.[Br-],0.9,0.1,-3.03731462,NONIONIC,CATIONIC
CCCCCC(CCC)C1=CC=C(OCCOCCOCCOCCOCCOCCOCCOCCOCCOCCO)C=C1,CC(C)(CC(C)(C1=CC=C(OCCOCCOCCOCCOCCOCCOCCOCCOCCOCCO)C=C1)C)C,0.1,0.9,-3.589778797,NONIONIC,NONIONIC
CCCCCC(CCC)C1=CC=C(OCCOCCOCCOCCOCCOCCOCCOCCOCCOCCO)C=C1,CC(C)(CC(C)(C1=CC=C(OCCOCCOCCOCCOCCOCCOCCOCCOCCOCCO)C=C1)C)C,0.3,0.7,-4.068890119,NONIONIC,NONIONIC
CCCCCC(CCC)C1=CC=C(OCCOCCOCCOCCOCCOCCOCCOCCOCCOCCO)C=C1,CC(C)(CC(C)(C1=CC=C(OCCOCCOCCOCCOCCOCCOCCOCCOCCOCCO)C=C1)C)C,0.5,0.5,-4.215869998,NONIONIC,NONIONIC
CCCCCC(CCC)C1=CC=C(OCCOCCOCCOCCOCCOCCOCCOCCOCCOCCO)C=C1,CC(C)(CC(C)(C1=CC=C(OCCOCCOCCOCCOCCOCCOCCOCCOCCOCCO)C=C1)C)C,0.7,0.3,-7.360491318,NONIONIC,NONIONIC
CCCCCC(CCC)C1=CC=C(OCCOCCOCCOCCOCCOCCOCCOCCOCCOCCO)C=C1,CC(C)(CC(C)(C1=CC=C(OCCOCCOCCOCCOCCOCCOCCOCCOCCOCCO)C=C1)C)C,0.9,0.1,-8.399764154,NONIONIC,NONIONIC
CCCCCC(CCC)C1=CC=C(OCCOCCOCCOCCOCCOCCOCCOCCOCCOCCO)C=C1,CCCCCCCCCCCC[N+](C)(CC([O-])=O)C,0.1,0.9,-8.898816023,NONIONIC,ZWITTERIONIC
CCCCCC(CCC)C1=CC=C(OCCOCCOCCOCCOCCOCCOCCOCCOCCOCCO)C=C1,CCCCCCCCCCCC[N+](C)(CC([O-])=O)C,0.3,0.7,-6.357073215,NONIONIC,ZWITTERIONIC
CCCCCC(CCC)C1=CC=C(OCCOCCOCCOCCOCCOCCOCCOCCOCCOCCO)C=C1,CCCCCCCCCCCC[N+](C)(CC([O-])=O)C,0.5,0.5,-6.751071837,NONIONIC,ZWITTERIONIC
CCCCCC(CCC)C1=CC=C(OCCOCCOCCOCCOCCOCCOCCOCCOCCOCCO)C=C1,CCCCCCCCCCCC[N+](C)(CC([O-])=O)C,0.7,0.3,-8.556351378,NONIONIC,ZWITTERIONIC
CCCCCC(CCC)C1=CC=C(OCCOCCOCCOCCOCCOCCOCCOCCOCCOCCO)C=C1,CCCCCCCCCCCC[N+](C)(CC([O-])=O)C,0.9,0.1,-9.051136633,NONIONIC,ZWITTERIONIC
,,0.76,0.24,-4.289834047,ANIONIC,NONIONIC
,,0.51,0.49,-1.450590637,ANIONIC,NONIONIC
,,0.27,0.73,-3.001873336,ANIONIC,NONIONIC
,,0.6,0.4,-1.360545176,ANIONIC,NONIONIC
,,0.5,0.5,-0.842462892,ANIONIC,NONIONIC
,,0.25,0.75,-1.5466491,ANIONIC,NONIONIC
,,0.12,0.88,-2.077358114,ANIONIC,NONIONIC
,,0.05,0.95,-2.902583907,ANIONIC,NONIONIC
,,0.92,0.08,-0.840637503,CATIONIC,NONIONIC
,,0.67,0.33,-1.691063881,CATIONIC,NONIONIC
,,0.53,0.47,-3.196354325,CATIONIC,NONIONIC
,,0.35,0.65,-2.574392907,CATIONIC,NONIONIC
,,0.48,0.52,-0.209698339,CATIONIC,CATIONIC
,,0.33,0.67,-1.234406429,CATIONIC,CATIONIC
,,0.11,0.89,-3.36628925,CATIONIC,CATIONIC
,,0.05,0.95,-3.698572984,CATIONIC,CATIONIC
,,0.75,0.25,-0.070285842,CATIONIC,NONIONIC
,,0.5,0.5,-0.931462272,CATIONIC,NONIONIC
,,0.25,0.75,-0.993238056,CATIONIC,NONIONIC
,,0.92,0.08,0.504302146,CATIONIC,NONIONIC
,,0.75,0.25,-0.415172695,CATIONIC,NONIONIC
,,0.5,0.5,-0.538430345,CATIONIC,NONIONIC
,,0.25,0.75,-1.21900434,CATIONIC,NONIONIC
,,0.5,0.5,-0.489193035,CATIONIC,CATIONIC
,,0.5,0.5,-1.537292884,CATIONIC,CATIONIC
,,0.5,0.5,-2.597292447,CATIONIC,CATIONIC
,,0.9,0.1,1.079064205,CATIONIC,CATIONIC
,,0.8,0.2,0.907773853,CATIONIC,CATIONIC
,,0.6,0.4,1.039903156,CATIONIC,CATIONIC
,,0.4,0.6,3.905880024,CATIONIC,CATIONIC
,,0.4,0.6,-0.091339338,CATIONIC,CATIONIC
,,0.2,0.8,-0.626059476,CATIONIC,CATIONIC
,,0.1,0.9,-0.892271695,CATIONIC,CATIONIC
,,0.05,0.95,-1.162077859,CATIONIC,CATIONIC
,,0.6,0.4,-0.815303368,CATIONIC,CATIONIC
,,0.4,0.6,-1.795386176,CATIONIC,CATIONIC
,,0.2,0.8,-2.698533827,CATIONIC,CATIONIC
,,0.1,0.9,-3.287746609,CATIONIC,CATIONIC
,,0.05,0.95,-3.452646551,CATIONIC,CATIONIC
,,0.02,0.98,-2.32443819,CATIONIC,CATIONIC
,,0.6,0.4,-2.232860961,CATIONIC,CATIONIC
,,0.4,0.6,-3.635628409,CATIONIC,CATIONIC
,,0.2,0.8,-4.48296678,CATIONIC,CATIONIC
,,0.1,0.9,-5.18355068,CATIONIC,CATIONIC
,,0.05,0.95,-1.339347437,CATIONIC,CATIONIC
,,0.02,0.98,-4.804600329,CATIONIC,CATIONIC
,,0.6,0.4,0.91610894,CATIONIC,CATIONIC
,,0.4,0.6,-1.147017602,CATIONIC,CATIONIC
,,0.2,0.8,-2.24632193,CATIONIC,CATIONIC
,,0.1,0.9,-2.507478595,CATIONIC,CATIONIC
,,0.05,0.95,-2.687462508,CATIONIC,CATIONIC
,,0.6,0.4,-0.201132641,CATIONIC,CATIONIC
,,0.4,0.6,-1.879581074,CATIONIC,CATIONIC
,,0.2,0.8,-2.407066744,CATIONIC,CATIONIC
,,0.1,0.9,-2.742978329,CATIONIC,CATIONIC
,,0.05,0.95,-2.541568727,CATIONIC,CATIONIC
,,0.02,0.98,-2.21432029,CATIONIC,CATIONIC
,,0.5,0.5,0.996656893,CATIONIC,CATIONIC
,,0.6,0.4,0.095111399,CATIONIC,CATIONIC
,,0.5,0.5,-0.585645944,CATIONIC,CATIONIC
,,0.4,0.6,-0.646716025,CATIONIC,CATIONIC
,,0.3,0.7,-1.114988112,CATIONIC,CATIONIC
,,0.2,0.8,-1.379597331,CATIONIC,CATIONIC
,,0.1,0.9,-1.723538873,CATIONIC,CATIONIC
,,0.6,0.4,-0.931307224,CATIONIC,CATIONIC
,,0.5,0.5,-2.054684722,CATIONIC,CATIONIC
,,0.4,0.6,-2.53093974,CATIONIC,CATIONIC
,,0.3,0.7,-2.827213358,CATIONIC,CATIONIC
,,0.2,0.8,-3.20173136,CATIONIC,CATIONIC
,,0.1,0.9,-3.939226773,CATIONIC,CATIONIC
,,0.6,0.4,-0.075577799,CATIONIC,CATIONIC
,,0.5,0.5,-0.567780644,CATIONIC,CATIONIC
,,0.4,0.6,-0.620157729,CATIONIC,CATIONIC
,,0.3,0.7,-0.826502117,CATIONIC,CATIONIC
,,0.2,0.8,-0.950658859,CATIONIC,CATIONIC
,,0.1,0.9,-1.871684572,CATIONIC,CATIONIC
,,0.6,0.4,-1.357649053,CATIONIC,CATIONIC
,,0.5,0.5,-2.0188013,CATIONIC,CATIONIC
,,0.4,0.6,-2.535863405,CATIONIC,CATIONIC
,,0.3,0.7,-2.921716175,CATIONIC,CATIONIC
,,0.2,0.8,-3.130988532,CATIONIC,CATIONIC
,,0.1,0.9,-3.044024709,CATIONIC,CATIONIC
,,0.2,0.8,0.169227886,CATIONIC,NONIONIC
,,0.1,0.9,-0.698870656,CATIONIC,NONIONIC
,,0.05,0.95,-1.134274357,CATIONIC,NONIONIC
,,0.4,0.6,0.122905907,CATIONIC,NONIONIC
,,0.2,0.8,-0.600776389,CATIONIC,NONIONIC
,,0.1,0.9,-0.975430369,CATIONIC,NONIONIC
,,0.2,0.8,-0.472552607,CATIONIC,NONIONIC
,,0.1,0.9,-0.765033588,CATIONIC,NONIONIC
,,0.6,0.4,0.572736688,CATIONIC,NONIONIC
,,0.4,0.6,-0.512448178,CATIONIC,NONIONIC
,,0.2,0.8,-1.19251399,CATIONIC,NONIONIC
,,0.1,0.9,-1.339112235,CATIONIC,NONIONIC
,,0.4,0.6,-0.649470759,CATIONIC,NONIONIC
,,0.2,0.8,-0.990452794,CATIONIC,NONIONIC
,,0.1,0.9,-1.512847767,CATIONIC,NONIONIC
,,0.4,0.6,0.097532116,CATIONIC,NONIONIC
,,0.2,0.8,-0.863037908,CATIONIC,NONIONIC
,,0.1,0.9,-1.867404632,CATIONIC,NONIONIC
,,0.8,0.2,-5.619778008,CATIONIC,CATIONIC
,,0.7,0.3,-5.057772533,CATIONIC,CATIONIC
,,0.6,0.4,-5.011154959,CATIONIC,CATIONIC
,,0.5,0.5,-5.592733789,CATIONIC,CATIONIC
,,0.4,0.6,-5.916304068,CATIONIC,CATIONIC
,,0.3,0.7,-6.776434285,CATIONIC,CATIONIC
,,0.9,0.1,-9.809498463,CATIONIC,ANIONIC
,,0.8,0.2,-8.709336844,CATIONIC,ANIONIC
,,0.6,0.4,-8.407687717,CATIONIC,ANIONIC
,,0.4,0.6,-9.10325023,CATIONIC,ANIONIC
,,0.14,0.86,-7.570306988,ANIONIC,CATIONIC
,,0.33,0.67,-16.91950993,ANIONIC,CATIONIC
,,0.5,0.5,-21.81218746,ANIONIC,CATIONIC
,,0.67,0.33,-15.09181191,ANIONIC,CATIONIC
,,0.8,0.2,-4.677416622,ANIONIC,CATIONIC
,,0.85,0.15,-0.092308035,ANIONIC,CATIONIC
,,0.2,0.8,-0.407237364,ANIONIC,NONIONIC
,,0.4,0.6,-1.087902104,ANIONIC,NONIONIC
,,0.6,0.4,-1.453368638,ANIONIC,NONIONIC
,,0.8,0.2,-1.515130452,ANIONIC,NONIONIC
,,0.4,0.6,0.217388085,NONIONIC,NONIONIC
,,0.4,0.6,1.603487873,NONIONIC,NONIONIC
,,0.8,0.2,0.508626325,NONIONIC,NONIONIC
,,0.2,0.8,0.03111007,NONIONIC,NONIONIC
,,0.4,0.6,-0.088128317,NONIONIC,NONIONIC
,,0.6,0.4,-0.09294298,NONIONIC,NONIONIC
,,0.8,0.2,-0.072476554,NONIONIC,NONIONIC
,,0.25,0.75,-1.582297222,ANIONIC,NONIONIC
,,0.5,0.5,-0.732535323,ANIONIC,NONIONIC
,,0.75,0.25,-1.111777819,ANIONIC,NONIONIC
,,0.9,0.1,-0.170433255,ANIONIC,NONIONIC
,,0.5,0.5,-0.219411127,ANIONIC,ANIONIC
,,0.67,0.33,-1.393460293,ANIONIC,ANIONIC
,,0.8,0.2,-1.216488423,ANIONIC,ANIONIC
,,0.4,0.6,-0.40462985,ANIONIC,ANIONIC
,,0.6,0.4,-1.102603883,ANIONIC,ANIONIC
,,0.8,0.2,-1.097542827,ANIONIC,ANIONIC
,,0.9,0.1,-1.00473436,ANIONIC,ANIONIC
,,0.2,0.8,-3.639604007,ANIONIC,NONIONIC
,,0.3,0.7,-4.739234913,ANIONIC,NONIONIC
,,0.5,0.5,-5.207745419,ANIONIC,NONIONIC
,,0.7,0.3,-5.741223072,ANIONIC,NONIONIC
,,0.8,0.2,-4.597701404,ANIONIC,NONIONIC
,,0.9,0.1,-3.987053112,ANIONIC,NONIONIC
,,0.3,0.7,-1.05206828,ZWITTERIONIC,NONIONIC
,,0.5,0.5,-1.226853774,ZWITTERIONIC,NONIONIC
,,0.7,0.3,-1.250383351,ZWITTERIONIC,NONIONIC
,,0.8,0.2,-1.313933712,ZWITTERIONIC,NONIONIC
,,0.9,0.1,-1.328149006,ZWITTERIONIC,NONIONIC
,,0.05,0.95,-3.723777293,ANIONIC,NONIONIC
,,0.2,0.8,-3.567644071,ANIONIC,NONIONIC
,,0.5,0.5,-3.194839231,ANIONIC,NONIONIC
,,0.8,0.2,-3.356491601,ANIONIC,NONIONIC
,,0.9,0.1,-3.402997606,ANIONIC,NONIONIC
,,0.1,0.9,-11.25013402,ANIONIC,ZWITTERIONIC
,,0.2,0.8,-11.02662457,ANIONIC,ZWITTERIONIC
,,0.3,0.7,-10.3859751,ANIONIC,ZWITTERIONIC
,,0.5,0.5,-9.300559679,ANIONIC,ZWITTERIONIC
,,0.8,0.2,-9.000839677,ANIONIC,ZWITTERIONIC
,,0.2,0.8,-3.957094514,ANIONIC,NONIONIC
,,0.4,0.6,-3.142826773,ANIONIC,NONIONIC
,,0.6,0.4,-3.398863165,ANIONIC,NONIONIC
,,0.8,0.2,-0.458145774,ANIONIC,NONIONIC
,,0.22,0.78,-4.80305914,ANIONIC,NONIONIC
,,0.4,0.6,-3.182798576,ANIONIC,NONIONIC
,,0.6,0.4,-2.333626166,ANIONIC,NONIONIC
,,0.8,0.2,6.3543049,ANIONIC,NONIONIC
,,0.2,0.8,0.03211594,CATIONIC,CATIONIC
,,0.45,0.55,-0.4261033,CATIONIC,CATIONIC
,,0.79,0.21,-0.868691046,CATIONIC,CATIONIC
,,0.21,0.79,-2.686394045,CATIONIC,CATIONIC
,,0.29,0.71,-2.772490568,CATIONIC,CATIONIC
,,0.45,0.55,-2.724555363,CATIONIC,CATIONIC
,,0.61,0.39,-1.628298849,CATIONIC,CATIONIC
,,0.78,0.22,-2.792027365,CATIONIC,CATIONIC
,,0.11,0.89,-4.156781242,CATIONIC,CATIONIC
,,0.21,0.79,-4.391061398,CATIONIC,CATIONIC
,,0.31,0.69,-3.690397689,CATIONIC,CATIONIC
,,0.45,0.55,-3.512374175,CATIONIC,CATIONIC
,,0.6,0.4,-2.082526554,CATIONIC,CATIONIC
,,0.1,0.9,-5.504629149,CATIONIC,CATIONIC
,,0.17,0.83,-0.977383635,CATIONIC,CATIONIC
,,0.22,0.78,-0.830824734,CATIONIC,CATIONIC
,,0.35,0.65,-1.102875222,CATIONIC,CATIONIC
,,0.49,0.51,-1.151415086,CATIONIC,CATIONIC
,,0.93,0.07,-2.317913057,CATIONIC,CATIONIC
,,0.11,0.89,-2.435036129,CATIONIC,CATIONIC
,,0.3,0.7,-1.763156331,CATIONIC,CATIONIC
,,0.4,0.6,-1.965207048,CATIONIC,CATIONIC
,,0.5,0.5,-2.021698213,CATIONIC,CATIONIC
,,0.66,0.34,0.278487889,CATIONIC,CATIONIC
,,0.12,0.88,-8.733495336,ANIONIC,ZWITTERIONIC
,,0.3,0.7,-7.138577071,ANIONIC,ZWITTERIONIC
,,0.6,0.4,-4.877199796,ANIONIC,ZWITTERIONIC
,,0.9,0.1,-1.353714869,ANIONIC,ZWITTERIONIC
,,0.9,0.1,-5.106267432,CATIONIC,NONIONIC
,,0.8,0.2,-5.656718671,CATIONIC,NONIONIC
,,0.5,0.5,-5.082851305,CATIONIC,NONIONIC
,,0.2,0.8,-4.759918968,CATIONIC,NONIONIC
,,0.9,0.1,-4.531331143,CATIONIC,NONIONIC
,,0.8,0.2,-5.348963929,CATIONIC,NONIONIC
,,0.5,0.5,-6.556785249,CATIONIC,NONIONIC
,,0.2,0.8,-6.625196332,CATIONIC,NONIONIC
,,0.9,0.1,-5.864097186,CATIONIC,NONIONIC
,,0.8,0.2,-6.433902057,CATIONIC,NONIONIC
,,0.5,0.5,-7.257460959,CATIONIC,NONIONIC
,,0.2,0.8,-7.884690439,CATIONIC,NONIONIC
,,0.9,0.1,-5.017647984,CATIONIC,NONIONIC
,,0.8,0.2,-5.199418271,CATIONIC,NONIONIC
,,0.5,0.5,-5.0898934,CATIONIC,NONIONIC
,,0.2,0.8,-4.820392137,CATIONIC,NONIONIC
,,0.9,0.1,-2.961938816,CATIONIC,NONIONIC
,,0.8,0.2,-3.462102349,CATIONIC,NONIONIC
,,0.5,0.5,-3.159412862,CATIONIC,NONIONIC
,,0.2,0.8,-3.152238647,CATIONIC,NONIONIC
,,0.9,0.1,-1.043698226,CATIONIC,NONIONIC
,,0.8,0.2,-0.679269664,CATIONIC,NONIONIC
,,0.5,0.5,-1.184640118,CATIONIC,NONIONIC
,,0.2,0.8,-1.100070055,CATIONIC,NONIONIC
,,0.8,0.2,-0.99,CATIONIC,NONIONIC
,,0.5,0.5,-0.268837858,CATIONIC,NONIONIC
,,0.1,0.9,0.311448912,ANIONIC,ANIONIC
,,0.3,0.7,-0.018389059,ANIONIC,ANIONIC
,,0.5,0.5,-0.046329343,ANIONIC,ANIONIC
,,0.7,0.3,0.053073585,ANIONIC,ANIONIC
,,0.03,0.97,-2.313347261,NONIONIC,CATIONIC
,,0.1,0.9,-3.15642326,NONIONIC,CATIONIC
,,0.3,0.7,-2.517707425,NONIONIC,CATIONIC
,,0.5,0.5,-4.389405288,NONIONIC,CATIONIC
,,0.7,0.3,-4.239411874,NONIONIC,CATIONIC
,,0.1,0.9,11.1681843,ANIONIC,ANIONIC
,,0.3,0.7,-0.588195122,ANIONIC,ANIONIC
,,0.4,0.6,-1.311738973,ANIONIC,ANIONIC
,,0.3,0.7,-2.801220832,ANIONIC,ANIONIC
,,0.8,0.2,21.21008809,ANIONIC,ANIONIC
,,0.2,0.8,4.121958995,ANIONIC,ANIONIC
,,0.4,0.6,12.48869935,ANIONIC,ANIONIC
,,0.9,0.1,16.95086962,ANIONIC,ANIONIC
,,0.95,0.05,0.97705948,CATIONIC,CATIONIC
,,0.9,0.1,0.303310798,CATIONIC,CATIONIC
,,0.75,0.25,-0.36785245,CATIONIC,CATIONIC
,,0.6,0.4,0.031683458,CATIONIC,CATIONIC
,,0.3,0.7,0.105143166,CATIONIC,CATIONIC
,,0.8,0.2,-0.801025608,CATIONIC,CATIONIC
,,0.6,0.4,-0.338309424,CATIONIC,CATIONIC
,,0.4,0.6,-1.110237443,CATIONIC,CATIONIC
,,0.8,0.2,-0.380245019,CATIONIC,CATIONIC
,,0.6,0.4,-0.229845505,CATIONIC,CATIONIC
,,0.4,0.6,-0.384635709,CATIONIC,CATIONIC
,,0.2,0.8,-0.310825265,CATIONIC,CATIONIC
,,0.2,0.8,-3.2030683,CATIONIC,CATIONIC
,,0.2,0.8,-6.230464874,CATIONIC,CATIONIC
,,0.6,0.4,5.05,CATIONIC,CATIONIC
,,0.2,0.8,-2.837184688,CATIONIC,NONIONIC
,,0.4,0.6,-3.368853478,CATIONIC,NONIONIC
,,0.6,0.4,-3.352624406,CATIONIC,NONIONIC
,,0.9,0.1,-2.693967173,CATIONIC,NONIONIC
,,0.2,0.8,-1.5356275,CATIONIC,NONIONIC
,,0.4,0.6,-2.155618258,CATIONIC,NONIONIC
,,0.6,0.4,-2.096119205,CATIONIC,NONIONIC
,,0.8,0.2,-1.787357391,CATIONIC,NONIONIC
,,0.9,0.1,-1.636572478,CATIONIC,NONIONIC
,,0.4,0.6,-0.942096417,CATIONIC,NONIONIC
,,0.6,0.4,-0.942348239,CATIONIC,NONIONIC
,,0.9,0.1,-0.803841865,CATIONIC,NONIONIC
,,0.2,0.8,-1.137098885,CATIONIC,NONIONIC
,,0.4,0.6,-1.011345878,CATIONIC,NONIONIC
,,0.6,0.4,-0.813900367,CATIONIC,NONIONIC
,,0.8,0.2,-1.175178522,CATIONIC,NONIONIC
,,0.1,0.9,-0.728014439,CATIONIC,NONIONIC
,,0.2,0.8,-0.75991745,CATIONIC,NONIONIC
,,0.74,0.26,-0.826368456,NONIONIC,ANIONIC
,,0.6,0.4,-0.605718052,NONIONIC,ANIONIC
,,0.74,0.26,-4.351044806,NONIONIC,CATIONIC
,,0.63,0.37,-1.551725566,NONIONIC,NONIONIC
,,0.2,0.8,-0.938309303,NONIONIC,CATIONIC
,,0.49,0.51,-1.023925967,NONIONIC,CATIONIC
,,0.6,0.4,-0.848647735,NONIONIC,CATIONIC
,,0.79,0.21,-1.101973431,NONIONIC,CATIONIC
,,0.9,0.1,-1.07984256,NONIONIC,CATIONIC
,,0.75,0.25,0.930635688,NONIONIC,NONIONIC
,,0.5,0.5,1.64160511,NONIONIC,NONIONIC
,,0.1,0.9,-1.79569471,CATIONIC,ANIONIC
,,0.3,0.7,-2.451612388,CATIONIC,ANIONIC
,,0.4,0.6,-3.828293715,CATIONIC,ANIONIC
,,0.5,0.5,-5.225862044,CATIONIC,ANIONIC
,,0.6,0.4,-4.532856735,CATIONIC,ANIONIC
,,0.7,0.3,-3.685351811,CATIONIC,ANIONIC
,,0.2,0.8,-0.763435647,CATIONIC,ANIONIC
,,0.4,0.6,-1.343102948,CATIONIC,ANIONIC
,,0.6,0.4,-0.685657466,CATIONIC,ANIONIC
,,0.1,0.9,-1.425904283,ANIONIC,NONIONIC
,,0.3,0.7,-2.398577034,ANIONIC,NONIONIC
,,0.5,0.5,-3.161191528,ANIONIC,NONIONIC
,,0.7,0.3,-3.644107253,ANIONIC,NONIONIC
,,0.9,0.1,-3.530309804,ANIONIC,NONIONIC
,,0.25,0.75,-6.067361912,ZWITTERIONIC,CATIONIC
,,0.5,0.5,-3.093586748,ZWITTERIONIC,CATIONIC
,,0.25,0.75,-4.701396237,ZWITTERIONIC,CATIONIC
,,0.5,0.5,-1.188243079,ZWITTERIONIC,CATIONIC
,,0.25,0.75,-2.235624026,ZWITTERIONIC,CATIONIC
,,0.5,0.5,-1.091546815,ZWITTERIONIC,CATIONIC
,,0.75,0.25,11.06103727,ZWITTERIONIC,CATIONIC
,,0.1,0.9,-1.376065171,CATIONIC,CATIONIC
,,0.2,0.8,-1.901074111,CATIONIC,CATIONIC
,,0.3,0.7,-1.844965714,CATIONIC,CATIONIC
,,0.4,0.6,-2.003978943,CATIONIC,CATIONIC
,,0.5,0.5,-1.914447032,CATIONIC,CATIONIC
,,0.6,0.4,-0.870720064,CATIONIC,CATIONIC
,,0.7,0.3,19.22075973,CATIONIC,CATIONIC
,,0.1,0.9,-0.865569268,CATIONIC,CATIONIC
,,0.3,0.7,-0.597244963,CATIONIC,CATIONIC
,,0.5,0.5,-0.974499915,CATIONIC,CATIONIC
,,0.7,0.3,-0.892181216,CATIONIC,CATIONIC
,,0.9,0.1,-1.244753137,CATIONIC,CATIONIC
